filename,Ax,Ay,Bx,By,Cx,Cy,Dx,Dy,Ex,Ey,Fx,Fy,Hx,Hy,Ix,Iy,Lx,Ly,Kx,Ky,Nx,Ny,xx,xy,yx,yy,Wx,Wy
1,32,488,892,587,878,928,409,874,316,646,659,585,673,885,402,1251,976,1344,90,50,361,416,418,1021,894,1134,,
2,64,239,1202,462,1091,622,613,580,494,432,850,343,822,530,284,494,1147,969,241,55,300,180,501,535,1108,762,,
3,36,396,942,281,910,430,433,444,322,330,645,277,653,434,371,761,949,771,33,140,299,275,407,627,967,596,,
4,280,379,1386,442,1239,680,712,614,679,375,1003,397,976,602,472,965,1143,1083,39,79,607,341,619,767,1235,825,,
5,278,777,1176,652,1195,905,612,870,561,678,881,676,883,928,599,1216,1297,1330,61,99,501,661,547,973,1195,1080,,
6,135,823,1175,682,646,949,530,914,450,692,824,662,866,982,701,1344,1319,1250,56,19,515,671,666,1124,1277,1062,,
7,22,435,490,417,499,556,309,502,167,388,377,406,375,478,271,697,506,735,,,,,,,,,,
8,1034,293,121,97,101,232,579,341,798,268,489,146,393,318,290,570,118,604,1136,169,820,259,561,548,135,422,,
9,467,508,38,573,113,437,279,467,362,582,160,634,221,452,318,409,102,345,391,616,362,582,324,450,166,407,,
10,52,160,683,192,307,366,617,353,152,201,441,187,446,365,247,587,555,608,192,106,161,163,248,475,599,530,,
11,1185,461,89,526,157,781,797,569,895,423,474,437,527,693,1039,965,327,1177,934,10,961,412,926,743,156,926,,
12,1483,447,205,343,130,677,1038,854,1188,475,683,414,627,833,1046,1289,43,1080,1322,36,1301,401,1043,1043,67,816,,
13,1235,593,140,493,165,697,692,721,972,639,514,428,508,735,769,1104,160,1116,1618,118,999,617,767,907,170,897,,
14,509,1173,1432,1045,1446,1264,853,1232,784,1101,1104,1065,1097,1174,858,1620,1527,1691,86,23,683,1113,926,1414,1496,1439,,
15,180,710,2045,797,923,1349,2090,1441,632,845,1417,838,1446,1500,793,2026,2144,2187,95,40,424,828,899,1690,2163,1817,,
16,261,589,1058,688,1103,830,529,722,503,580,788,617,777,794,410,1062,1082,1201,47,29,338,534,457,868,1103,1052,,
17,-35,243,9,364,530,472,266,388,234,300,426,300,391,435,233,592,561,666,63,29,209,250,235,464,537,529,,
18,185,633,1018,441,955,600,578,660,484,544,766,479,758,662,515,892,1076,904,10,160,406,544,575,729,1104,722,,
19,273,687,1307,607,1272,718,670,780,579,580,871,545,922,784,692,1234,1405,1208,49,36,442,570,717,986,1319,971,,
20,802,336,133,360,91,603,547,543,544,400,354,377,350,564,611,894,141,870,912,13,662,411,509,695,106,674,,
21,537,754,73,476,116,662,563,634,610,510,324,448,370,633,701,903,224,923,760,56,643,523,139,752,604,748,,
22,36,585,828,586,846,702,342,710,259,527,569,520,564,730,306,1033,774,966,85,57,216,520,325,879,827,813,,
23,880,446,85,515,49,688,564,680,591,446,336,474,340,687,610,1006,85,1015,843,41,672,477,585,824,56,833,,
24,722,516,50,409,45,653,519,627,513,396,317,409,319,578,568,910,51,909,825,39,555,410,575,730,56,774,,
25,688,270,106,329,94,539,456,510,516,326,298,319,300,537,526,765,63,884,616,35,603,275,467,584,53,648,,
26,1851,649,124,653,116,1215,1194,953,1492,564,719,634,696,1121,1486,1260,255,1747,1658,106,1660,547,1306,1117,100,1356,,
27,31,515,,,,,,,,,,,,,,,,,279,69,370,466,,,,,,
28,359,691,1596,546,1634,766,944,743,743,540,1287,534,1292,802,871,1136,1624,1084,212,34,593,544,936,944,1643,869,,
29,242,601,1050,240,1130,487,622,589,558,306,811,266,839,506,561,869,1089,754,47,87,455,334,606,725,1118,621,,
30,175,341,615,169,635,334,447,375,323,190,483,177,503,299,434,533,660,485,13,62,273,212,457,431,639,372,,
31,68,312,613,305,612,451,312,395,256,291,437,299,437,441,251,587,666,671,28,39,232,246,291,488,647,557,,
32,57,429,822,362,846,592,341,486,282,336,605,347,584,568,234,644,789,821,23,82,190,338,325,533,857,707,,
33,20,96,272,36,297,114,156,137,111,76,201,51,209,119,143,261,308,237,,,,,,,,,,
34,662,279,148,199,126,289,395,370,475,255,312,211,270,346,566,506,142,539,661,78,550,271,455,438,91,383,,
35,829,514,166,275,109,459,459,506,596,372,350,324,306,504,496,875,28,835,1118,34,698,402,476,640,79,575,,
36,8,164,277,82,287,133,139,145,113,123,198,103,198,182,102,242,234,228,10,25,92,125,136,179,297,180,,
37,66,102,302,121,310,168,158,198,157,135,235,114,223,200,77,281,294,298,12,24,143,124,148,218,314,242,,
38,,,77,155,57,246,190,242,,,131,160,118,255,228,367,44,357,360,34,,,193,304,30,280,,
39,199,78,50,52,47,106,123,98,145,66,89,67,85,105,166,156,30,159,186,19,164,61,142,125,34,125,,
40,292,148,81,92,71,164,197,162,219,123,145,110,140,171,270,226,49,266,331,26,258,121,218,189,55,200,,
41,1030,493,127,829,264,1053,697,724,684,492,392,636,533,892,855,910,425,1265,960,63,872,471,794,805,347,1169,,
42,256,71,409,361,305,400,282,232,340,144,385,261,289,294,133,280,139,471,408,84,315,110,199,245,236,427,,
43,282,102,390,445,331,500,238,326,324,261,360,357,263,411,69,412,269,616,423,83,324,197,183,398,342,563,,
44,273,737,1852,461,1892,1104,1091,948,623,581,1432,475,1398,1053,870,1387,1852,1580,87,172,516,617,1014,1125,1933,1298,,
45,68,660,1203,158,1313,523,680,647,302,481,832,262,943,604,750,952,1450,782,120,531,218,537,748,734,1350,612,,
46,1487,516,157,266,95,721,887,610,1135,371,590,352,563,701,1077,1085,157,1256,1654,157,1282,404,958,825,59,926,,
47,18,47,100,42,101,61,49,56,44,41,73,41,72,62,45,81,96,94,7,11,35,42,48,65,102,76,,
48,76,37,14,57,20,78,53,64,52,44,31,47,39,67,78,100,41,118,32,2,57,41,61,78,27,96,,
49,,,9,31,12,45,37,37,,,25,26,27,42,50,55,13,57,51,7,,,42,45,,,,
50,817,558,65,751,77,947,466,814,563,618,326,699,339,877,614,1070,140,1200,596,226,627,588,557,951,109,1081,,
51,657,188,70,362,110,500,397,400,495,252,243,311,264,464,522,597,190,740,471,22,562,214,460,487,145,605,,
52,746,649,846,277,1021,473,635,679,592,456,729,347,801,564,557,979,1086,704,96,545,507,506,636,797,1030,594,983,58
53,,,24,134,17,182,160,154,175,113,95,123,94,181,194,218,18,262,300,19,213,110,172,187,11,212,13,128
54,,,10,12,10,36,64,27,56,14,32,10,36,37,79,43,11,68,86,7,,,,,,,,
55,1874,677,156,464,159,1049,1234,862,1387,522,726,467,712,962,1341,1360,172,1458,2208,138,1678,537,1277,1084,199,1236,57,447
56,57,27,5,32,8,48,36,36,41,27,21,28,26,43,45,51,10,61,36,6,44,27,40,44,7,54,,
57,1143,379,29,109,83,446,636,418,778,156,427,94,447,417,613,712,110,720,946,63,946,247,640,546,63,568,,
58,2033,1160,526,1068,552,1452,,,1629,1150,1083,1099,1085,1422,1674,1619,794,1753,1978,124,,,,,,,465,855
59,15,28,60,94,35,105,28,59,35,36,51,65,30,80,16,73,26,118,37,5,29,28,24,65,33,111,,
60,886,483,199,329,150,645,482,723,631,416,424,369,371,697,559,926,163,962,706,66,694,415,,,,,,
61,1129,460,339,366,289,775,657,792,808,458,609,401,518,729,690,963,291,1002,846,108,882,440,640,837,266,851,305,327
62,214,643,215,123,354,124,322,451,213,451,215,300,370,301,491,513,595,174,56,656,185,550,402,467,467,142,183,85
63,1595,571,418,960,516,1159,1118,931,1154,680,755,784,856,1064,1344,1310,509,1486,1409,156,1323,631,1168,1147,495,1266,20,976
64,238,694,1319,460,1230,832,598,700,647,488,949,435,939,810,501,964,1229,1211,53,247,596,450,554,831,1229,1015,1374,380
65,1411,655,208,1092,233,1482,1011,1068,927,835,642,981,674,1398,1300,1531,462,1980,1094,113,1088,799,1124,1315,238,1657,98,993
66,1673,193,166,486,273,879,829,737,1021,433,508,456,635,894,939,1261,397,1112,1040,16,1181,379,874,974,303,998,56,411
67,47,593,1595,617,1666,1125,795,952,695,518,1139,581,1180,1109,684,1443,1621,1563,150,64,342,516,746,1168,1699,1282,1690,557
68,291,164,975,161,,,,,,,,,,,,,,,,,,,,,,,,
69,66,221,1372,510,1299,725,776,629,725,370,1086,427,999,764,648,997,1196,1329,524,36,438,304,747,748,1273,1041,,
70,434,1382,,,3223,649,1876,1334,1876,1334,2254,492,2514,979,2194,2163,3337,1568,81,671,831,788,1936,1774,3316,1091,,
71,755,630,112,487,491,702,142,788,502,518,323,499,338,741,587,904,241,944,758,41,570,535,515,797,164,852,35,475
72,797,399,247,124,130,223,586,433,613,244,465,154,381,304,587,656,73,480,923,370,695,259,107,350,567,547,212,51
73,1260,924,448,38,262,448,978,723,1108,454,801,230,627,598,898,1271,232,925,1746,534,1171,455,849,858,169,563,,
74,1842,905,203,528,226,862,1031,848,1148,551,674,555,656,914,1395,1497,178,1607,2085,391,1454,556,1150,1127,144,1095,76,466
75,2247,1336,417,991,324,1646,1396,1533,1482,1178,946,1083,929,1696,2116,2193,354,2812,2095,161,1893,1131,1738,1854,205,2110,333,943
76,,,,,,,,,,,,,,,,,,,,,,,,,,,,
77,74,484,672,484,657,649,398,697,337,340,470,403,480,749,391,948,677,953,36,80,248,313,376,797,723,800,,
78,901,403,88,255,117,536,538,505,615,299,324,257,343,546,582,643,181,774,893,45,693,320,555,566,112,614,27,236
79,1027,430,108,341,109,678,642,581,683,322,393,316,393,682,821,818,220,995,1067,96,779,343,697,710,120,833,24,318
80,90,293,613,56,686,266,315,327,329,142,475,92,490,318,316,579,742,517,23,52,214,236,334,416,705,378,693,64
81,1155,422,124,694,203,1057,964,637,914,485,519,637,628,887,1229,826,319,1449,1115,42,1051,426,1100,727,266,1266,27,651
82,7027,1519,864,1677,794,3507,4410,2948,4740,1512,2707,1709,2700,3412,4956,4607,1169,5560,5928,978,5642,1214,4645,3577,947,4410,464,1608
83,2998,2467,473,1961,603,2630,2114,2750,1903,1903,1903,1903,1320,1855,1387,2726,559,3912,3271,693,2118,1941,2200,3256,626,3175,,
84,345,2154,6444,2016,6277,3641,2963,3015,2447,1614,4376,1654,4388,3297,2648,4549,6191,4767,494,431,1114,1867,2883,3618,6277,4089,,
85,213,3582,4236,2869,3876,4436,1795,4036,1461,2869,2962,2555,2662,4403,1468,5357,3656,6097,507,307,1288,2882,1735,4543,3849,5164,,
86,718,345,215,254,198,433,489,431,482,250,353,249,359,458,536,543,237,572,729,155,511,230,498,482,199,505,180,226
87,683,203,333,188,355,291,532,300,538,182,449,186,458,281,606,459,373,445,591,48,569,176,560,373,344,355,234,185
88,610,352,92,272,121,439,418,354,444,286,252,275,252,441,452,535,202,675,605,77,517,288,438,432,120,536,79,261
89,626,263,143,204,114,349,458,364,485,256,318,202,305,355,496,509,86,514,631,100,565,244,483,430,104,402,266,167
90,801,168,172,110,128,290,566,230,572,128,364,119,357,288,619,393,140,472,,,638,136,604,316,128,393,,
91,329,122,75,96,78,181,249,191,228,116,164,104,167,167,248,261,96,311,297,82,290,117,236,223,74,243,,
92,139,230,582,177,563,309,304,298,260,207,421,191,429,313,285,462,567,509,53,60,225,216,302,364,563,396,,
93,57,291,548,246,532,394,300,388,279,226,404,223,402,417,271,462,555,531,35,29,206,222,277,417,544,460,,
94,389,280,90,268,77,378,237,325,273,270,183,273,174,349,273,439,92,453,382,113,309,255,261,380,83,407,,
95,411,167,74,123,66,266,252,239,261,142,162,129,172,252,292,300,84,379,277,76,315,135,255,266,69,316,61,106
96,330,177,49,135,46,210,186,210,215,163,128,131,127,198,178,301,55,326,327,69,281,154,185,249,43,255,,
97,689,272,145,167,96,317,447,324,500,198,311,173,303,355,475,463,125,532,710,66,597,229,455,384,94,372,121,137
98,676,485,121,386,99,556,395,551,492,379,284,389,279,576,490,692,186,722,626,99,566,382,418,612,95,628,47,341
99,545,273,69,219,65,333,376,305,420,202,224,200,228,353,376,427,71,424,497,167,484,208,375,351,65,372,46,203
100,586,205,59,311,42,207,371,219,422,306,233,339,240,202,419,71,80,59,708,484,532,276,379,154,41,161,18,346
101,459,153,11,121,18,237,164,240,219,126,107,116,90,231,234,350,76,375,472,31,346,131,179,292,20,293,,
102,454,195,85,176,114,295,307,244,301,166,186,163,216,269,357,380,120,386,459,91,353,164,341,310,115,331,,
103,196,87,21,85,23,143,121,128,122,76,76,85,81,133,137,176,32,204,194,41,160,66,135,149,25,171,,
104,372,237,69,241,49,348,329,333,279,251,185,240,182,366,306,387,35,407,325,98,310,229,361,341,44,376,,
105,49,160,326,153,338,263,179,256,158,149,229,154,235,268,136,357,335,360,61,91,132,153,146,298,343,296,,
106,29,136,233,110,229,190,102,188,109,117,157,115,156,193,92,260,189,266,79,60,85,122,98,203,214,234,237,85
107,50,155,472,60,465,206,275,216,237,95,360,80,357,222,239,311,423,310,51,59,151,118,260,252,447,254,483,51
108,147,234,888,134,937,389,378,378,373,217,648,163,654,399,349,561,,,84,75,268,215,369,462,,,889,108
109,137,318,815,261,866,463,531,460,411,295,663,302,682,476,518,546,861,599,193,142,282,294,535,505,867,542,794,238
110,239,107,45,56,52,175,172,169,192,87,114,54,116,170,172,208,45,265,232,26,208,94,169,190,34,237,,
111,685,479,80,439,103,566,401,548,441,453,246,430,258,566,432,687,171,730,856,141,531,446,412,624,113,644,,
112,61,141,507,59,517,183,,,224,97,380,86,398,207,,,553,303,27,95,146,111,,,535,234,510,43
113,760,440,129,407,146,618,511,532,550,380,320,387,341,573,605,723,202,764,741,105,652,382,563,605,185,686,94,413
114,635,353,172,273,162,403,371,383,450,266,306,260,307,388,425,538,183,554,610,175,555,308,408,451,155,472,,
115,82,328,947,151,923,313,449,377,363,221,614,145,629,375,442,544,889,509,89,124,246,275,456,433,919,410,,
116,423,308,83,83,71,160,250,235,297,185,194,123,173,189,262,314,36,307,506,127,309,189,256,272,61,222,39,77
117,427,449,206,128,150,255,320,357,380,332,300,198,244,300,270,519,82,408,510,310,399,333,302,430,117,299,199,80
118,876,332,153,280,177,440,545,439,584,277,370,269,373,459,630,711,198,735,822,117,748,280,595,557,118,552,99,289
119,791,311,107,232,115,339,499,341,532,212,347,214,337,365,534,541,162,622,946,164,713,236,545,440,93,470,72,278
120,381,458,1115,209,1075,378,610,479,469,364,,,,,652,555,,,295,61,421,360,652,555,1139,476,,
121,852,136,126,128,119,268,525,224,563,106,344,97,345,272,589,498,126,495,,,627,111,552,359,99,367,88,180
122,288,365,800,298,863,474,553,457,442,345,677,298,676,459,478,727,819,764,107,159,379,367,502,568,864,615,845,254
123,24,188,509,182,517,387,179,398,231,127,330,160,321,382,171,574,506,551,190,47,192,140,180,454,507,457,,
124,-20,162,365,100,365,245,104,247,138,93,231,86,221,256,75,334,124,77,124,77,82,104,,,,,393,39
125,140,151,871,235,853,403,402,329,375,174,615,195,600,375,337,420,760,634,276,14,315,164,383,368,819,539,903,222
126,456,673,1510,731,1525,1002,903,934,809,683,1185,707,1182,985,806,1163,1501,1312,351,199,586,646,864,1024,1522,1179,1573,703
127,366,261,62,182,60,256,185,252,213,191,122,183,129,253,212,410,93,377,471,209,257,208,194,345,72,330,46,178
128,207,61,31,68,30,97,92,129,127,77,77,63,69,118,100,181,28,171,,,,,,,,,,
129,257,554,936,455,953,655,562,636,569,488,739,428,733,621,564,913,979,893,274,94,463,504,582,758,968,741,,
130,1567,699,205,453,115,974,1016,842,1097,637,610,563,601,870,1117,1264,135,1296,1214,196,1356,647,1072,1083,120,1121,,
131,364,364,1233,236,1254,383,700,421,579,277,944,174,948,521,636,679,1268,635,189,244,533,294,672,539,1278,522,,
132,261,452,1196,327,1253,605,736,587,602,414,953,375,958,585,642,934,1246,975,416,125,439,406,697,729,1278,770,1257,296
133,140,413,1451,213,1591,479,661,505,607,263,1056,231,1096,588,599,873,1675,726,322,165,302,328,627,623,1620,556,1503,165
134,227,318,767,325,786,439,529,463,448,317,639,336,643,486,461,686,824,722,365,136,376,295,491,556,811,567,795,312
135,610,415,186,281,113,425,417,433,447,339,297,304,274,483,435,702,87,643,566,57,532,342,419,557,110,483,114,133
136,626,120,61,304,81,448,422,370,456,197,256,245,276,446,495,504,102,531,518,58,565,118,476,413,,,,
137,596,87,99,183,89,321,384,316,392,182,243,196,237,335,417,462,93,439,426,85,494,142,397,385,78,376,,
138,98,899,1085,221,1287,294,847,744,616,597,826,407,1065,590,850,1075,1507,462,170,674,289,744,832,906,1417,331,1081,86
139,132,603,1083,383,1102,730,693,716,505,548,827,450,867,749,520,1136,994,1074,218,118,307,526,664,898,1098,855,,
140,563,168,81,193,67,339,386,287,389,183,240,180,239,392,456,452,88,503,562,75,420,161,382,368,83,406,,
141,671,295,120,144,135,316,438,291,471,161,311,153,298,271,549,495,238,534,,,620,194,495,376,152,399,,
142,490,305,116,263,120,357,349,390,380,287,248,260,242,374,383,510,66,519,481,129,444,274,368,445,93,434,,
143,699,266,122,217,95,411,405,402,483,231,291,222,287,424,385,612,87,629,733,49,625,235,379,495,99,509,78,202
144,84,145,693,116,692,319,290,348,266,141,495,109,450,393,155,559,714,564,159,41,195,146,212,438,706,445,752,98
145,24,116,302,101,331,182,140,187,135,110,219,102,228,211,84,279,315,321,70,34,112,107,132,240,325,254,327,81
146,40,152,231,25,226,135,156,149,79,96,155,29,182,150,193,295,248,282,48,109,65,117,152,192,240,201,241,24
147,157,323,354,248,358,319,255,336,244,291,298,271,305,338,254,388,353,372,253,184,219,284,259,364,356,350,369,253
148,146,457,564,176,635,343,356,361,290,265,480,199,485,362,335,509,653,454,124,209,243,287,358,405,645,405,600,157
149,105,119,299,29,324,61,251,119,182,81,242,54,279,112,255,180,396,129,108,59,139,92,245,147,364,96,,
150,64,230,362,206,322,297,158,274,172,206,240,201,237,272,155,403,278,407,263,77,157,208,161,326,305,342,395,316
151,974,258,111,145,74,370,651,339,697,199,366,184,354,401,681,586,87,603,833,101,816,213,669,452,59,429,70,140
152,825,421,210,179,201,372,589,485,635,286,465,249,411,433,640,677,173,484,982,211,738,290,588,577,176,420,,
153,305,413,918,701,901,756,573,608,553,440,802,527,677,698,479,722,791,895,249,110,448,439,544,649,868,830,,
154,456,365,234,107,171,227,310,335,390,255,329,188,258,281,288,400,151,301,503,312,405,268,301,356,162,270,,
155,198,112,519,284,472,358,313,243,320,156,445,225,379,305,259,295,388,435,222,23,274,113,288,281,438,407,537,290
156,355,244,108,40,74,160,213,209,268,155,187,108,160,179,150,306,63,212,398,128,335,145,179,249,71,187,,
157,68,87,398,216,342,247,210,159,198,82,305,145,259,200,114,214,249,352,168,36,172,66,,,,,,
158,212,49,420,550,504,488,342,219,221,224,309,377,427,308,417,96,632,378,73,78,194,152,376,158,571,439,415,573
159,126,132,344,342,289,385,177,277,223,181,295,268,212,318,93,285,157,434,220,41,201,154,155,295,244,426,375,391
160,1131,516,221,321,695,595,201,489,792,414,516,374,476,569,796,801,170,936,1555,181,929,392,717,662,179,624,263,283
161,1997,3621,7044,3559,6982,4403,4279,4688,4080,3448,5544,3286,5680,4874,3882,6560,6672,6598,1302,707,3237,3336,4328,5432,7057,5482,7019,3286
162,854,656,257,646,,,585,791,664,644,489,622,469,779,616,895,,,673,141,750,638,613,840,,,,
163,928,719,250,683,258,815,656,817,719,703,526,668,520,825,664,1067,264,1089,1008,191,770,672,,,,,,
164,59,151,387,185,390,201,186,217,171,164,269,161,271,205,149,293,343,311,254,74,156,145,173,240,376,255,,
165,390,190,42,162,51,197,247,216,264,145,173,142,170,193,245,321,42,318,303,54,301,145,243,261,46,243,,
166,157,599,1108,482,1128,661,599,653,519,458,822,472,846,718,517,1098,1110,1015,261,163,318,482,537,907,1128,804,1160,450
167,276,486,1087,325,1039,578,651,553,583,339,837,264,817,613,558,818,1018,905,110,95,362,410,598,710,1014,807,,
168,669,485,193,375,213,466,559,500,507,391,406,378,408,533,623,781,243,682,597,78,542,382,,,242,569,,
169,,,104,255,87,455,404,442,445,272,277,277,283,465,514,618,125,689,580,78,560,252,100,585,480,575,71,223
170,629,322,202,232,157,343,,,,,341,241,315,367,,,,,713,213,511,300,,,,,,
171,138,285,673,114,,,,,282,181,451,125,483,275,327,444,669,441,225,39,200,186,339,387,,,,
172,1397,666,156,288,106,516,638,537,776,237,446,279,448,546,683,953,218,1006,1006,133,1017,213,594,740,123,797,106,226
173,2582,1329,870,975,775,1383,1891,1545,1999,1299,1420,1108,1395,1529,1953,2024,691,2058,2403,404,2295,1341,1874,1762,733,1708,721,870
174,2700,1255,1104,2018,1417,2388,2370,1677,2336,1440,1769,1555,2047,2035,2636,2093,1607,2978,2307,578,2532,1295,2509,1920,1503,2735,,
175,1178,850,2825,3437,2229,3496,1662,1976,2080,1558,2565,2505,1908,2729,634,1886,693,3437,3034,1558,1976,1238,1200,1916,1461,3668,3019,3683
176,129,522,886,466,867,619,472,614,437,446,654,448,654,646,454,803,936,865,206,105,392,442,500,701,925,728,1054,479
177,112,282,688,219,702,367,372,371,369,248,505,246,518,400,354,535,668,577,123,105,246,264,372,449,725,462,,
178,153,567,1249,424,1265,622,622,640,555,422,883,392,891,652,624,990,1303,1068,217,123,495,420,605,780,1265,835,1307,382
179,123,444,942,445,886,627,421,618,374,441,638,431,635,644,385,787,894,875,254,92,321,428,416,675,889,753,889,753
180,97,287,623,266,326,445,628,441,307,242,458,242,449,436,303,559,591,565,144,94,260,258,319,485,634,508,832,211
181,86,271,583,264,579,396,395,432,312,282,445,270,478,430,370,534,601,518,52,43,250,260,,,,,,
182,1135,1989,8181,2536,8755,4357,4581,4007,4105,2395,6346,2718,6458,4637,2774,5996,9274,7495,2858,602,2718,2003,3698,4959,9064,5547,8475,2381
183,1342,508,352,745,352,745,352,745,1011,594,698,672,792,925,1300,1047,487,1370,1292,180,1164,529,1128,917,399,1151,300,748
184,423,188,129,248,126,341,324,319,313,223,231,247,248,348,388,449,178,525,423,35,361,193,356,378,122,427,92,233
185,608,201,255,355,267,473,506,377,473,265,375,323,416,444,598,507,290,620,557,50,534,218,555,412,273,545,233,349
186,251,4,1,125,13,165,166,99,159,58,78,74,103,143,256,180,35,297,,,,,,,,,,
187,3,154,342,223,354,315,130,293,127,208,232,213,234,330,112,453,367,461,72,3,62,156,102,357,377,392,,
188,,,,,,,,,,,,,,,,,,,,,,,,,,,,
189,341,149,56,227,68,297,249,222,237,171,157,203,186,277,371,371,99,430,309,20,283,137,318,289,71,353,41,226
190,,,263,320,269,372,115,322,164,303,222,316,213,362,107,465,285,509,165,35,142,275,166,372,263,397,308,309
191,27,166,289,153,299,243,164,251,134,159,216,162,226,243,141,342,278,346,4,17,97,174,161,288,302,279,315,131
192,383,290,63,254,25,365,218,336,255,269,141,253,139,372,258,436,80,513,353,14,320,275,232,388,33,448,30,242
193,197,132,0,153,7,217,129,180,130,140,73,140,78,210,150,236,17,281,154,5,162,140,138,207,8,250,,
194,118,84,0,117,17,148,78,123,73,88,42,98,57,139,116,164,32,188,152,8,103,70,95,147,25,170,,
195,154,7,25,55,35,92,103,57,105,36,64,40,77,77,141,92,34,167,113,5,122,21,121,75,30,119,1,55
196,266,167,83,233,97,291,224,237,224,204,149,220,173,280,273,284,97,378,194,90,237,189,245,264,97,332,68,236
197,153,45,20,62,30,106,112,70,112,70,62,54,81,96,161,121,70,178,146,5,111,44,128,97,43,139,4,57
198,231,49,19,111,26,151,164,114,165,76,91,98,109,158,203,197,65,257,204,5,187,76,185,155,18,184,2,118
199,250,53,19,52,11,128,148,126,159,75,90,65,85,133,162,189,6,190,221,3,214,56,147,153,4,152,7,42
200,266,72,41,128,40,175,172,154,194,102,120,114,121,179,206,233,58,272,167,6,225,77,181,186,32,218,,
201,184,136,24,165,24,219,,,127,139,77,151,89,205,137,215,39,306,161,40,146,130,,,27,259,7,163
202,1064,300,238,584,282,822,838,658,807,414,511,513,646,778,1045,969,464,1172,816,75,894,371,934,791,337,985,149,549
203,1361,738,495,1179,635,1314,1177,1095,1089,858,817,972,995,1256,1332,1361,863,1656,1153,181,1194,784,1215,1194,735,1519,,
204,105,549,1150,285,1232,494,759,596,679,400,974,320,996,549,767,792,1170,897,311,211,563,394,785,672,1248,672,1214,229
205,122,611,1458,445,1566,800,869,894,670,498,1101,451,1165,891,733,1458,1782,1508,448,64,412,509,766,1129,1726,1156,1500,429
206,1029,2579,6277,1549,6637,2379,3028,3058,2629,2269,4558,1779,4978,3118,3308,4268,6867,4448,770,450,1579,2259,3158,3608,6917,2929,6537,1369
207,1616,792,392,540,274,946,1207,840,1224,647,790,638,742,977,1319,1386,232,1417,1635,204,1456,666,255,1145,1249,1120,283,437
208,1989,930,344,741,335,1159,1527,1035,1536,803,962,797,888,1294,1568,1568,279,1647,1997,174,1797,853,1530,1312,294,1374,329,653
209,1573,689,265,352,172,754,1026,774,1134,417,632,390,622,899,1146,1256,290,1286,1896,195,1386,462,1076,1021,222,1084,110,242
210,3038,1191,1226,1150,1226,1684,2158,1608,2264,1170,1827,1186,1761,1725,2320,1812,1186,2193,3130,453,2728,1094,2254,1751,1206,1929,,
211,3474,1430,1066,1153,810,2055,2131,2066,2561,1202,1794,1212,1522,2186,2485,3034,750,2637,3811,642,3219,1327,2321,2566,734,2316,832,1071
212,4469,1289,1269,1030,1198,1651,3685,1813,3491,1120,2642,1094,2545,1807,4164,2098,,,4495,505,4061,1114,,,,,,
213,3879,1517,1178,1078,1103,1767,3660,1654,3089,1354,2294,1303,2237,2106,4199,3528,602,2920,3892,338,3603,1391,3867,2457,833,2400,1003,1015
214,259,458,2061,544,2072,885,988,820,979,504,1631,538,1526,956,865,1187,1790,1378,487,339,,,959,990,2129,1170,2266,498
215,108,464,1565,299,1623,625,861,667,753,437,1099,359,1242,718,835,1136,1749,1096,414,153,344,421,888,881,1708,855,,
216,381,2360,6134,2327,6112,3926,2327,3404,2142,2218,4154,2262,4132,3719,1914,5503,5742,5720,816,315,1501,2099,1947,4404,6188,4937,6351,1914
217,339,799,2748,508,2570,1283,1227,1186,1210,629,2147,412,1917,1138,1021,1953,2599,2090,1146,295,1098,553,1081,1533,2615,1606,2954,452
218,488,2210,5100,1942,5464,3521,2670,2842,2038,2067,3760,2048,3971,3368,2363,4210,4870,4736,574,392,1387,2038,2488,3598,5511,4057,5473,1569
219,2251,1010,445,603,407,1286,1463,1327,1587,912,1116,807,1037,1319,1482,1945,271,1945,2107,385,1991,905,1478,1666,317,1614,,
220,248,1405,2482,1380,2532,2253,1139,1764,1021,1362,1820,1399,1789,2123,1071,3206,2470,3213,186,545,823,1312,1089,2538,2513,2730,2625,1325
221,5980,2072,843,1536,756,2308,3679,2080,4160,1347,2561,1379,2553,2214,3805,3222,630,3553,5688,906,4641,1387,3711,2600,662,2710,,
222,1042,3108,4397,2242,4449,3125,2719,3028,2472,2331,3470,2225,3461,3196,2331,4635,4282,4600,283,750,1722,2472,2640,3575,4361,3602,,
223,189,1055,1303,922,1065,1280,498,1247,531,842,889,846,823,1257,348,1821,876,1871,580,269,488,839,405,1559,1018,1668,,
224,,,135,307,240,420,518,408,536,318,361,303,383,443,568,638,240,659,,,,,,,,,,
225,652,418,171,232,137,317,369,428,450,303,327,277,294,398,389,573,61,519,676,252,488,313,377,497,78,414,122,205
226,266,296,724,376,728,462,403,408,417,296,569,334,540,442,381,557,676,571,168,212,353,266,374,477,708,511,829,364
227,1105,435,548,493,515,644,909,553,883,386,713,439,733,671,983,822,510,898,1137,127,1043,366,954,707,497,760,488,497
228,1741,632,217,576,146,1193,1239,1109,1233,638,725,632,700,1233,1404,1565,118,1760,1639,93,1515,582,1314,1373,130,1456,118,508
229,776,110,176,222,255,400,547,325,529,156,347,174,409,386,700,658,299,796,535,106,634,148,631,463,274,605,,
230,619,416,145,472,144,594,427,594,472,460,304,444,307,620,495,870,203,850,219,145,472,388,454,726,144,719,102,441
231,144,418,737,279,734,451,411,518,386,378,522,304,541,493,338,664,760,674,244,221,288,373,381,585,759,564,840,207
232,855,462,158,398,99,624,586,585,590,427,350,376,357,634,677,848,126,808,814,177,670,439,609,706,95,675,95,396
233,753,332,96,361,125,535,471,497,510,341,305,331,326,539,548,637,207,725,596,52,606,312,506,567,108,661,,
234,90,422,841,289,872,488,476,518,404,338,609,316,648,520,466,725,903,717,131,124,269,339,469,645,928,601,881,267
235,720,308,69,261,111,391,431,404,469,238,281,250,281,425,537,593,141,655,665,95,596,253,476,494,102,495,,
236,1015,527,84,589,190,702,798,654,707,426,499,465,514,785,795,869,190,944,936,94,801,412,795,738,195,814,,
237,562,327,112,362,134,536,368,437,364,309,257,342,285,491,471,533,279,651,581,73,473,300,419,489,205,613,76,344
238,514,262,100,168,72,241,336,250,363,176,229,164,212,270,352,362,65,338,468,23,435,187,333,298,64,281,71,145
239,1128,626,283,423,200,663,719,611,753,409,499,408,491,658,751,890,242,991,1040,71,930,421,717,714,222,785,189,377
240,607,360,105,220,64,383,382,397,416,276,254,257,250,409,432,586,89,628,649,61,488,289,406,473,68,488,64,180
241,481,464,139,721,262,814,350,601,333,490,214,604,314,682,543,695,481,893,478,47,398,456,445,651,362,878,80,723
242,66,272,673,265,708,375,320,376,288,240,500,259,499,412,257,563,790,606,60,54,189,244,297,424,728,468,730,250
243,144,290,703,114,784,275,393,393,317,244,520,204,597,403,329,642,919,474,36,76,217,265,372,498,852,349,,
244,37,395,1817,161,1998,623,643,657,562,320,1197,288,1335,776,496,1073,2235,1076,337,26,219,346,574,865,2131,807,1892,107
245,45,570,1796,513,,,619,849,546,558,1253,532,1284,969,,,,,236,19,,,,,,,,
246,843,444,41,405,62,608,536,559,539,386,341,379,332,594,598,819,86,697,404,26,610,395,553,716,,,,
247,7,94,537,136,566,313,279,248,245,116,409,160,413,280,167,498,567,478,149,9,148,95,233,353,564,383,621,102
248,1986,682,58,350,158,807,1322,612,1349,329,762,347,768,771,1343,1404,500,1520,2254,247,1551,347,1316,1002,192,1100,137,183
249,23,105,280,98,273,148,143,159,133,90,198,85,204,176,154,272,281,247,84,6,107,88,148,203,280,199,,
250,3,254,354,235,366,349,192,331,174,213,273,224,264,347,163,432,365,458,59,27,130,213,187,377,360,410,393,226
251,26,143,592,124,577,227,198,227,190,141,386,135,380,256,180,327,538,388,120,6,81,140,190,270,565,307,718,163
252,153,244,405,271,387,326,262,324,248,257,326,264,321,318,231,392,381,406,199,123,184,231,248,352,383,364,451,261
253,20,142,232,79,265,124,119,177,111,121,166,95,194,168,123,277,275,226,9,22,86,115,135,215,272,166,272,50
254,168,291,553,68,622,217,334,316,311,166,436,96,468,306,351,463,625,367,80,69,267,207,323,387,638,272,621,2
255,68,234,390,215,398,286,216,270,205,192,298,218,302,309,176,456,411,452,23,25,138,208,203,347,416,357,413,189
256,77,130,266,129,274,202,178,170,169,104,226,114,220,187,182,244,266,278,3,27,126,103,181,205,271,231,291,110
257,348,114,23,86,48,155,240,140,237,100,141,84,156,151,,,76,267,266,20,273,105,,,56,204,,
258,26,110,282,79,274,137,141,127,120,81,209,60,206,147,126,217,256,240,36,17,69,90,143,168,268,192,289,58
259,3,136,393,178,359,266,139,243,155,133,263,146,247,267,131,365,349,406,161,10,69,117,142,300,367,345,421,159
260,19,267,549,298,,,,,213,240,377,265,371,424,,,,,36,29,147,237,,,,,625,277
261,36,315,825,266,812,507,424,519,340,262,596,262,593,530,274,710,807,812,15,52,227,288,373,602,851,647,940,172
262,22,117,375,223,26,116,162,255,321,331,279,198,224,308,82,340,283,488,194,11,198,155,123,285,339,417,398,215
263,1242,439,152,164,188,531,827,477,851,218,513,152,527,503,946,1018,347,1082,962,18,1014,266,843,675,176,745,,
264,1326,491,130,645,150,1049,810,802,855,528,488,620,551,969,1056,1019,356,1425,1485,102,1189,463,934,897,232,1233,52,605
265,1094,676,161,785,180,1112,682,890,692,711,428,763,478,1051,1073,1115,452,1527,1165,114,925,650,837,993,209,1279,100,771
266,109,623,885,525,918,734,442,774,382,540,634,524,665,767,383,1091,,,61,184,278,551,407,898,,,931,488
267,281,322,912,269,914,410,549,374,510,260,725,263,719,406,412,660,833,711,37,84,389,269,503,516,921,538,966,244
268,2072,1203,454,1092,477,1453,1469,1277,1480,927,980,1054,1069,1523,1742,1799,650,2195,2188,200,1765,1034,1592,1515,546,1780,104,1004
269,1826,659,347,929,505,1476,1388,953,1360,736,904,848,1037,1283,1809,1318,817,2043,1910,130,1693,589,1563,1101,617,1770,228,904
270,1676,1167,329,923,233,1410,1130,1325,1185,1045,742,1019,742,1451,1436,1968,266,2089,1598,155,1466,1085,1211,1550,199,1624,214,856
271,739,224,88,311,,,509,389,457,195,279,226,318,411,800,408,,,358,49,534,154,654,430,,,,
272,,,667,60,,,,,,,,,,,,,,,65,129,,,,,,,705,2
273,858,253,46,52,56,260,518,287,569,90,331,81,315,330,579,599,99,658,706,91,734,157,519,421,69,455,,
274,28,697,1388,541,,,,,474,580,933,554,950,887,,,,,45,65,253,617,,,,,1461,504
275,572,691,1584,537,,,1049,805,934,589,1292,589,1344,853,260,335,,,262,335,747,618,,,,,1634,520
276,203,442,915,516,970,712,510,659,485,481,704,514,706,682,256,843,1081,1095,258,160,370,422,395,729,1029,860,939,495
277,162,714,928,404,1148,742,720,813,552,580,755,475,926,813,643,1302,1206,1195,206,596,382,623,700,1038,1214,923,964,343
278,1195,1085,,,,,,,695,1025,,,,,,,,,1244,393,950,945,,,,,,
279,264,386,423,343,426,368,354,375,330,348,375,337,393,373,366,418,430,415,270,283,310,346,362,392,435,393,,
280,296,347,411,300,411,342,349,346,336,310,373,311,378,346,334,373,462,399,242,300,322,324,,,,,,
281,242,337,397,272,407,306,339,327,305,290,353,282,373,324,332,403,444,360,250,252,277,311,335,364,425,333,,
282,,,,,,,,,,,,,,,,,,,,,,,,,,,,
283,128,382,424,250,425,302,322,339,258,277,343,260,348,330,310,467,498,457,156,204,213,296,318,394,458,353,,
284,192,329,399,283,421,318,299,367,285,310,348,300,359,342,292,433,486,427,278,229,260,302,313,389,459,350,,
285,700,1586,2987,1158,3259,1563,1985,1974,1655,1493,2373,1279,2651,1974,2113,2969,3757,2541,515,648,1175,1383,1997,2315,3548,2014,,
286,249,337,404,305,418,339,329,346,323,297,362,296,372,349,326,415,443,420,282,227,305,311,335,376,440,372,449,313
287,215,302,416,323,410,350,308,329,286,295,358,311,355,347,261,384,414,418,298,231,280,283,297,354,414,382,,
288,1422,3610,2534,309,3313,748,2380,2058,1484,2052,1898,847,2813,1607,2510,3486,4049,2392,62,2912,1156,2646,2368,2720,3758,1187,2602,161
289,510,1329,919,549,1131,737,877,1037,658,934,752,713,1004,934,843,1359,1307,995,228,889,579,1071,849,1183,1259,855,910,491
290,1432,425,346,777,325,1043,1144,883,1013,643,701,719,813,995,,,370,1644,725,133,1113,552,1392,977,218,1271,285,780
291,264,1333,2554,1313,2759,1677,1392,1786,1346,1426,1992,1342,2084,1942,,,,,1388,189,818,1262,,,,,2625,1258
292,558,855,1040,792,1065,1010,807,983,786,892,931,886,934,974,804,1189,998,1207,740,625,664,852,789,1092,1043,1122,1089,767
293,,,552,442,560,500,462,458,447,432,512,440,510,486,450,510,572,530,447,346,412,412,,,,,,
294,207,289,372,250,379,294,306,289,285,256,333,248,335,294,289,338,392,352,229,195,231,269,310,310,384,323,,
295,173,282,358,231,336,265,255,278,243,238,290,227,292,276,240,338,330,326,219,193,210,248,249,302,337,296,,
296,93,393,1004,369,980,607,520,577,479,359,702,314,728,620,465,1139,989,1091,435,110,329,342,526,827,1057,825,,
297,1016,298,,,,,,,,,,,927,391,,,,,305,163,682,450,,,,,,
298,303,1159,2094,970,2283,1497,1333,1686,1179,1263,1656,1119,1800,1731,1363,2487,2402,2681,1273,398,940,1159,1343,2034,2447,1895,2139,845
299,353,473,1055,511,1093,668,666,640,613,494,862,494,869,673,635,914,1177,969,499,260,518,463,666,764,1122,809,1098,511
300,177,961,1519,485,1817,977,1004,1161,725,787,1164,577,1342,1109,649,1696,1788,1738,403,420,482,781,981,1351,1955,1230,1584,358
301,1429,906,704,920,690,1188,1122,1035,1154,864,927,875,951,1122,1206,1199,749,1519,1366,572,1303,878,1167,1112,704,1303,610,739
302,1411,788,592,788,554,1119,1063,1049,1070,843,854,864,857,1126,1181,1404,673,1554,1331,519,1251,847,1119,1216,537,1310,530,739
303,1544,892,530,833,631,1133,1174,1046,1251,829,927,791,930,1115,1345,1492,631,1631,1401,408,1300,826,1255,1230,603,1310,537,638
304,138,181,312,177,316,242,203,234,202,188,252,181,255,245,181,282,300,314,142,115,167,174,192,253,306,284,,
305,261,160,483,459,436,550,236,396,330,298,392,388,320,492,119,446,384,686,421,113,298,223,195,430,414,622,,
306,472,314,227,331,241,428,370,382,384,312,306,326,323,427,431,505,228,559,410,228,399,303,406,436,232,488,,
307,1499,892,509,903,474,1248,1150,1108,1167,896,854,920,857,1234,1276,1251,436,1565,1516,551,1401,871,1206,1192,450,1380,,
308,199,335,506,393,477,509,335,446,332,359,414,386,394,481,254,534,436,628,247,174,266,336,301,485,463,566,,
309,1539,1086,344,1239,397,1535,1160,1389,1101,1112,782,1190,839,1516,1344,1759,412,1976,1329,168,1314,1033,1262,1568,344,1759,217,1198
310,1015,750,453,655,408,738,761,750,781,652,602,665,604,758,829,944,390,937,1111,456,864,609,778,839,385,816,,
311,1802,962,233,791,223,1063,1276,1073,1303,788,854,791,843,1105,1363,1565,188,1624,1352,450,1512,798,1328,1286,136,1342,,
312,2213,920,443,924,447,1543,1539,1285,1556,850,1030,936,1092,1457,1732,1757,538,2020,1917,423,1880,842,1621,1461,460,1749,341,854
313,1839,1162,817,1149,862,1437,1396,1301,1420,1100,1112,1149,1154,1387,1543,1675,956,1794,1769,694,1667,1100,1478,1494,878,1617,768,1108
314,340,544,1106,478,1108,758,695,640,670,403,917,468,899,748,625,904,1040,1093,,,,,660,740,1113,902,1156,436
315,1315,985,252,557,252,855,798,876,901,687,565,603,579,922,839,1350,327,1250,1582,352,1058,738,860,1101,227,941,,
316,1217,674,568,755,622,968,947,857,949,695,779,720,812,941,1039,1055,711,1231,966,368,1071,649,971,955,649,1096,,
317,1133,830,644,714,617,879,947,849,977,741,803,757,806,901,974,1090,676,1133,1204,579,1068,752,952,968,625,1006,533,698
318,1434,509,346,601,344,895,928,820,887,530,617,573,682,857,1104,1160,376,1455,,,,,971,995,335,1125,295,568
319,3220,1636,957,1357,859,2129,2233,1897,2431,1265,1758,1334,1671,2129,2419,2611,876,3156,4270,1183,2935,1357,2315,2222,783,2529,685,1346
320,1710,522,270,557,257,868,1025,828,1117,568,703,538,703,914,1217,1242,327,1309,,,,,1120,1001,214,1031,,
321,2472,1398,790,1449,824,1893,1910,1682,1847,1364,1336,1432,1466,1904,2319,2353,1057,2677,2393,807,2171,1341,2097,2023,870,2205,671,1444
322,1304,720,625,611,679,847,952,795,1014,646,836,646,863,820,998,1068,703,1196,1231,463,1106,657,979,893,655,974,,
323,2182,1427,978,1370,1086,1853,1722,1574,1750,1330,1409,1358,1483,1716,1864,2120,1176,2472,2381,978,2018,1358,1785,1768,1086,2131,,
324,1258,679,701,619,687,806,977,784,1004,611,860,601,849,795,1012,977,709,1020,,,,,993,868,674,887,,
325,1041,544,1123,1112,901,1128,949,839,1123,830,1120,982,874,944,733,741,538,1058,1182,722,1079,698,847,809,698,1112,1087,1271
326,871,352,459,356,488,537,722,467,722,370,593,360,626,502,760,548,506,786,,,,,731,521,510,659,401,348
327,540,1716,2677,1455,2813,2114,1495,2018,1301,1495,2091,1495,2114,2194,1256,2461,2751,2688,540,813,938,1557,1466,2199,2825,2307,2830,1387
328,955,212,274,513,280,768,685,667,657,442,471,504,525,751,867,838,336,990,692,309,790,393,755,757,280,834,233,527
329,2694,1858,574,1586,574,2109,1699,2074,1893,1563,1194,1557,1216,2268,1876,2523,654,2558,2893,1063,2342,1671,1750,2296,534,2376,438,1665
330,309,600,1198,546,1265,677,794,701,770,560,984,537,1012,737,750,893,1238,931,216,333,511,491,772,780,1265,804,,
331,1241,531,380,546,374,618,933,638,958,543,663,544,687,715,992,853,418,883,964,313,1097,531,962,725,382,758,,
332,873,198,509,489,568,610,798,408,764,307,653,386,735,505,1083,548,574,958,,,,,915,467,568,778,,
333,1259,198,455,559,502,848,,,905,401,712,497,841,732,,,754,1306,,,1034,294,,,589,1054,344,569
334,1829,853,199,1110,209,1493,1298,1209,1305,952,709,1028,856,1452,1500,1634,346,1973,1771,308,1377,767,1391,1373,219,1726,120,1069
335,1237,636,569,668,517,799,908,846,942,650,747,673,742,848,1083,928,495,1024,1031,450,1029,646,989,900,500,905,,
336,818,1364,2074,1392,2222,1654,1506,1785,1358,1489,1785,1421,1824,1807,1336,2296,2432,2296,1290,858,1074,1381,1364,2035,2381,1858,2114,1330
337,906,366,346,512,370,667,696,572,698,436,535,490,591,654,986,706,278,972,862,161,766,381,829,622,344,768,,
338,676,1495,2074,1341,2160,1677,1290,1682,1194,1398,1699,1353,1768,1836,1239,2376,2438,2410,779,1023,915,1387,1284,1978,2313,1966,2143,1273
339,1176,310,439,638,388,938,889,814,814,517,636,602,695,918,1194,1070,222,1409,949,93,949,367,1037,902,297,1148,390,605
340,1238,408,546,918,527,1205,964,958,922,704,741,846,830,1116,1376,1099,517,1698,938,217,994,566,1178,1053,510,1409,494,905
341,1248,602,583,895,579,1155,1034,941,948,787,774,872,869,1099,1396,1027,632,1547,981,425,1034,708,1195,981,576,1323,530,876
342,757,1050,1215,806,1313,981,1007,1086,922,905,1090,853,1169,1050,1014,1517,1412,1419,392,497,695,955,1001,1271,1350,1172,1261,744
343,991,379,586,935,652,1162,1037,777,869,691,777,839,902,994,1442,800,869,1540,704,382,866,566,1264,803,691,1369,,
344,600,1266,1740,1107,1707,1416,1170,1345,1116,1028,1449,1057,1424,1449,1082,1849,1703,1994,579,316,820,1091,1141,1574,1736,1674,1803,1049
345,627,355,401,298,394,387,528,402,545,321,488,306,477,379,538,509,390,516,619,283,582,320,536,438,385,439,374,252
346,551,781,1233,736,1227,884,846,891,846,754,1050,748,1054,911,795,1148,1184,1128,226,430,741,774,844,974,1195,1018,1330,734
347,1352,595,235,689,278,842,895,873,895,627,607,633,618,873,1061,1180,320,1099,1249,192,1139,586,938,974,231,983,251,535
348,1807,1070,591,1116,595,1478,1207,1386,1282,1087,958,1141,991,1499,1678,1782,587,1928,500,699,1520,1049,1399,1511,575,1678,533,1128
349,1774,1107,624,1112,624,1478,1374,1295,1399,1087,1016,1128,1028,1441,1628,1749,616,1932,1790,654,1620,1062,1474,1540,620,1674,554,1091
350,1645,1178,758,1091,699,1399,1336,1270,1332,1103,1049,1124,1053,1378,1445,1532,662,1803,1786,724,1486,1116,1386,1407,658,1586,691,1095
351,1828,1374,504,1124,508,1486,1187,1428,1274,1124,870,1149,895,1495,1391,1932,516,1973,2132,937,1653,1162,1270,1661,529,1728,,
352,1774,1112,704,1116,724,1441,1424,1128,1424,949,1049,1049,1128,1324,1699,1490,849,1874,1724,570,1686,945,1549,1320,783,1599,658,1082
353,1998,1416,616,866,566,1170,1545,1403,1599,1162,1103,1057,1087,1291,1849,1694,525,1628,,,,,1703,1549,500,1303,512,791
354,1903,1474,679,958,608,1391,1353,1545,1441,1166,1070,1066,987,1603,1486,1982,470,1815,2257,883,1765,1328,1436,1724,587,1578,595,903
355,1177,792,526,486,463,707,857,777,904,624,739,560,685,761,911,1079,450,1077,1231,271,1025,658,857,902,419,862,461,470
356,1151,678,508,535,452,694,877,714,909,530,719,569,727,714,1070,976,428,985,1202,376,1030,569,920,846,389,864,457,560
357,1325,806,385,472,392,779,877,779,909,580,674,510,676,835,956,1070,412,1095,1482,470,1110,642,877,938,356,911,309,378
358,771,489,341,240,321,353,553,450,627,344,517,269,456,400,487,648,252,549,911,343,673,372,518,534,291,430,300,218
359,248,462,,,,,,,,,,,,,,,,,791,180,617,625,,,,,,
360,741,534,466,546,476,677,648,586,625,534,561,536,571,629,702,667,501,826,677,418,656,542,656,635,468,751,,
361,1882,1120,575,1282,666,1665,1366,1465,1378,1191,1016,1232,1041,1607,1253,1894,683,2061,1703,541,1590,1132,1490,1628,670,1832,,
362,1928,837,658,1062,475,1511,1291,1416,1336,966,974,1008,970,1524,1465,2040,537,2073,1386,429,1565,808,1407,1678,487,1740,670,945
363,1715,1282,820,1157,779,1461,1303,1574,1332,1216,1099,1195,1066,1499,1474,2073,783,2107,1719,554,1445,1224,1341,1749,737,1761,720,1116
364,1890,1228,591,1074,624,1274,1261,1361,1345,1095,983,1078,966,1374,1374,1744,666,1840,1836,579,1553,1124,1270,1528,654,1532,654,883
365,808,1482,1953,1270,1990,1490,1507,1478,1416,1195,1707,1232,1724,1499,1557,1965,2219,1957,67,874,1107,1245,1515,1628,2090,1740,2115,1070
366,529,1149,1849,1149,1819,1378,1311,1382,1228,1057,1582,1132,1549,1428,1274,2007,1869,2148,416,325,1057,1057,1324,1657,1890,1682,1911,1037
367,1815,749,566,1145,749,1411,1349,1153,1261,908,949,978,1099,1316,1645,1699,966,1965,1299,550,1420,841,1461,1361,820,1632,,
368,325,410,832,530,799,758,489,559,511,395,689,491,629,667,346,729,809,1012,437,230,441,371,433,633,807,882,871,520
369,1306,643,356,720,347,1056,976,818,959,629,629,703,700,976,1587,1050,505,1561,1137,247,1062,608,1085,984,350,1168,261,697
370,269,1276,2277,1184,2374,1802,1041,1814,961,1202,1625,1213,1636,1997,2615,2884,504,2540,423,504,664,1184,824,2106,2609,2392,2334,1110
371,417,604,1504,840,,,538,829,661,697,1029,830,888,1060,,,,,598,373,593,558,,,,,,
372,317,734,2322,600,2537,1117,1376,1059,1174,702,1862,613,1924,1163,1188,1878,2741,1711,638,133,871,621,1322,1374,2612,1372,2456,544
373,334,515,641,416,688,554,550,557,479,498,568,452,605,556,447,785,654,742,413,333,409,503,517,663,699,623,649,390
374,435,227,224,285,228,341,344,292,346,239,291,266,301,326,391,358,270,438,353,187,383,227,366,319,232,391,203,286
375,365,301,,,,,,,,,,,,,,,,,280,252,310,309,,,,,,
376,,,,,,,,,,,,,,,,,,,,,,,,,,,,
377,1191,654,335,364,339,703,822,686,881,495,621,451,609,706,1034,941,328,904,1153,366,963,531,915,784,314,768,,
378,645,1365,2236,1476,2336,1985,1423,1817,1172,1362,1792,1458,1835,2003,1211,2186,2322,2526,745,864,953,1376,1315,1982,2351,2272,2362,1412
379,727,1552,2193,1641,2107,2096,1430,1906,1329,1476,1820,1580,1738,2028,1150,2329,2018,2415,785,1079,1036,1494,1304,2093,2078,2243,2315,1645
380,699,1405,2147,1455,2222,1838,1319,1738,1286,1412,1803,1423,1788,1849,1032,2164,2333,2390,770,1046,939,1372,1179,1924,2272,2078,2319,1419
381,724,359,1218,1119,1034,1203,782,827,927,673,1066,861,878,1028,538,978,807,1350,1038,256,861,453,707,882,914,1271,,
382,2332,683,490,827,516,1516,1605,1225,1654,726,1087,798,1231,1401,2089,1680,452,2502,1579,395,1928,706,1847,1453,352,1850,354,821
383,444,774,1535,1026,1459,1301,805,1125,792,915,1242,946,1094,1301,950,1342,1088,1421,812,310,650,785,781,1180,1366,1432,,
384,1146,478,544,340,482,526,836,583,931,427,745,374,680,597,884,818,387,806,,,,,844,662,413,646,490,330
385,1204,650,364,466,411,619,765,668,836,482,633,455,631,670,842,973,486,969,749,182,986,492,751,799,385,759,275,431
386,,,509,802,499,1139,1253,988,1184,633,885,712,933,1094,1356,1304,599,1631,,,,,1294,1136,561,1301,430,788
387,1521,1356,234,792,255,909,785,1218,981,1022,647,871,513,1088,654,1535,492,1418,1903,792,1366,1032,761,1359,203,1146,145,771
388,1607,1008,392,764,403,1060,902,1088,1081,764,733,774,716,1105,1008,1446,537,1566,1597,595,1301,795,967,1239,423,1301,310,702
389,434,922,1401,943,1339,1318,929,1163,888,857,1150,905,1105,1270,812,1418,1239,1642,499,310,678,847,867,1291,1308,1507,1576,805
390,1608,548,375,703,468,1321,1121,1194,1220,806,856,744,877,1313,1397,1548,679,1865,1599,261,1438,582,1231,1367,530,1604,,
391,1036,682,515,641,485,763,763,775,795,650,659,654,650,780,821,805,475,867,928,334,836,594,,,,,,
392,1237,1164,412,1272,412,1591,936,1444,944,1153,655,1209,748,1569,1076,1735,461,1916,1649,198,,,996,1599,412,1744,375,1155
393,1010,435,541,438,581,661,852,556,851,436,697,437,733,608,920,673,677,771,,,,,896,621,614,739,480,395
394,355,453,1125,406,1128,597,776,644,690,452,881,421,915,636,742,771,1091,711,,,521,426,751,708,1112,647,,
395,430,804,2167,878,2187,1117,1358,1080,1165,692,1601,611,1675,1087,1126,1847,2157,1611,852,260,763,731,1163,1473,2219,1356,,
396,1526,857,777,845,692,1105,1128,1172,1169,937,995,919,935,1179,1165,1654,565,1565,1289,492,1321,816,1199,1390,611,1160,,
397,1405,506,581,521,463,699,853,794,916,580,740,539,703,803,927,1273,427,1078,1168,211,1146,439,973,986,391,929,540,473
398,259,963,2024,979,2321,1481,1118,1607,1039,1146,1550,1086,1658,1756,764,2731,2371,2662,1405,445,812,985,849,2116,2447,1961,2052,919
399,669,1156,1967,1471,2056,1860,1383,1822,1307,1355,1667,1345,1651,1869,1228,2589,2030,2769,935,259,1029,1153,1250,2172,2128,2191,2084,1484
400,400,670,1124,624,1112,847,717,845,681,619,884,645,883,866,599,1011,1151,1081,447,436,531,668,701,914,1135,963,,
401,395,781,1215,558,1268,794,694,840,642,653,963,624,976,886,668,1109,1248,1133,590,449,568,724,696,966,1273,971,1266,527
402,1269,714,506,740,519,935,1033,901,1022,639,786,676,843,974,1096,1209,486,1179,1156,354,1204,703,1081,1047,518,1015,429,704
403,172,540,1603,756,1515,1191,762,944,740,628,1203,692,1099,1155,604,1263,1405,1739,326,262,420,440,682,1089,1483,1427,1669,728
404,526,1069,1349,560,1469,812,1007,989,898,850,1103,674,1221,914,1039,1421,1519,1319,158,684,758,860,1021,1189,1597,973,1415,492
405,530,782,1525,880,1529,1173,1015,1185,934,965,1251,936,1251,1189,926,1557,1505,1713,262,270,854,872,997,1341,1603,1435,1613,868
406,442,712,1221,892,1203,1113,792,983,786,784,997,860,961,1077,562,1293,1167,1573,652,394,586,714,660,1089,1215,1305,1309,918
407,1511,952,454,674,422,916,898,989,1037,682,726,746,706,1033,1109,1527,402,1551,1541,352,1165,674,985,1195,396,1197,,
408,317,436,824,473,809,657,476,510,478,441,660,471,615,605,280,654,847,901,337,241,391,418,411,568,847,755,853,475
409,221,649,868,379,927,550,480,595,436,510,660,431,709,591,475,745,949,749,300,442,322,559,476,673,934,630,910,346
410,557,968,1161,919,1199,1073,872,1024,879,863,1038,912,1027,1082,754,1228,1156,1290,666,445,783,892,847,1098,1183,1167,1223,894
411,366,463,743,479,755,594,528,561,513,496,625,488,629,591,428,702,775,729,,,,,487,636,757,666,780,462
412,1256,855,571,836,590,1048,955,1005,967,816,766,836,807,1084,1072,1241,571,1334,1170,530,1081,790,1029,1141,573,1184,544,814
413,3324,783,857,1193,994,1851,2283,1248,2224,617,1544,927,1847,1581,2722,1699,1548,2682,,,,,2464,1463,1274,2216,720,1167
414,802,1393,2759,953,2803,1337,1902,1374,1710,953,2290,905,2360,1455,1910,2157,3010,1876,772,1067,1348,1141,1961,1806,2863,1699,2977,890
415,799,580,269,668,307,791,609,719,603,618,452,661,467,713,661,886,405,949,556,198,654,565,667,788,328,866,,
416,1321,812,709,1088,763,1234,1153,1029,1112,893,902,976,978,1119,1265,1124,920,1377,1173,415,1144,863,1209,1088,866,1337,,
417,1429,917,662,702,637,958,1072,946,1184,796,920,754,920,960,1135,1195,653,1169,1382,608,1216,767,1099,1088,639,1070,570,693
418,1278,1070,693,839,659,980,978,1027,1061,906,877,877,852,1025,1054,1287,686,1218,1359,579,1189,924,1007,1164,664,1090,632,767
419,1867,1176,764,834,859,1208,1350,1230,1443,881,1081,754,1201,1253,1443,1503,1036,1592,1710,367,1700,1028,1413,1370,943,1453,681,804
420,1511,949,639,710,566,897,1177,1063,1252,818,951,738,889,1005,1070,1410,381,1259,1620,501,1358,850,1117,1207,409,1067,592,650
421,1253,699,427,862,489,1129,976,888,967,652,716,702,812,1034,1146,1112,618,1461,1363,456,1093,671,1079,1022,571,1280,,
422,1166,613,395,589,453,734,734,688,754,588,561,554,604,766,749,959,509,974,1071,423,884,539,718,829,463,851,,
423,1184,826,657,950,723,1074,993,1029,974,864,838,907,881,1031,1136,1155,769,1303,924,623,1041,838,1079,1093,733,1167,,
424,2128,1311,735,1364,840,1725,1556,1514,1639,1213,1168,1224,1239,1563,1669,1910,1194,2219,2238,799,1823,1157,1601,1707,953,2049,,
425,1167,356,353,500,391,719,829,628,849,445,596,451,638,679,906,921,476,1034,957,203,1001,393,884,758,425,881,320,426
426,1106,549,351,541,338,786,917,703,896,556,624,548,639,783,1027,889,330,1036,1064,246,994,549,956,796,321,914,285,509
427,1183,575,374,691,406,923,855,858,875,686,643,648,639,884,954,1185,447,1271,1013,95,980,611,894,1002,390,1072,312,690
428,490,740,1131,639,1137,830,792,794,751,632,961,632,948,833,1167,1083,738,1072,314,415,612,632,778,905,1164,966,1210,623
429,1369,808,216,742,254,960,775,913,909,647,534,645,550,841,892,1288,202,1453,1597,291,1109,682,831,1111,200,1200,97,728
430,338,814,1375,682,1350,998,802,998,876,581,1086,686,1024,1045,1006,1397,874,1088,363,305,657,682,734,1113,1142,1344,,
431,371,967,1441,754,1408,892,750,1000,723,777,1105,787,1066,985,746,1327,1004,1230,293,488,662,728,756,1158,1268,1134,,
432,346,897,1342,631,1352,818,674,880,633,637,956,559,1008,781,754,1185,1214,1197,254,629,577,703,709,1014,1301,1035,,
433,2072,1537,833,1318,848,1454,1556,1514,1586,1300,1217,1326,1254,1526,1635,1925,938,1951,1835,1104,1804,1311,1567,1684,949,1707,,
434,2249,1435,512,1228,445,1846,1616,1710,1627,1311,1070,1318,1066,1917,1959,2354,493,2584,2155,433,1982,1360,1748,2079,422,2208,433,1198
435,,,,,,,,,,,,,,,,,,,,,,,,,,,,
436,816,1074,1630,1053,1662,1332,1095,1300,1064,1032,1359,1058,1356,1313,992,1707,1710,1726,832,521,981,1005,1064,1449,1718,1492,,
437,2007,638,617,920,516,1420,1441,1125,1449,806,1002,891,1018,1375,1601,1462,553,1827,1933,338,1757,662,1529,1319,516,1648,,
438,1410,744,599,837,638,1066,1200,891,1207,760,851,793,950,996,1275,1137,713,1305,1134,533,1141,741,1237,1041,674,1183,,
439,1519,803,449,790,386,1010,1101,1019,1152,768,820,764,758,1057,1193,1291,393,1340,1452,371,1357,753,1105,1133,350,1148,,
440,974,642,597,675,579,773,837,784,843,667,732,680,724,807,875,883,600,889,864,449,903,642,862,829,590,835,,
441,2147,1492,697,1447,704,1620,1714,1631,1748,1447,1205,1416,1168,1771,1771,2027,704,2019,1872,983,1902,1443,1744,1816,704,1786,,
442,514,1111,1329,1016,1294,1227,914,1182,901,840,1124,961,1061,1219,853,1385,1195,1443,482,257,655,892,892,1279,1316,1344,1387,987
443,1534,510,305,998,,,,,992,847,603,912,633,1249,,,,,1095,480,1165,707,,,,,242,938
444,1283,888,553,838,497,1028,933,946,970,828,709,845,715,1033,1063,1149,519,1223,1100,577,1134,823,996,1039,465,1111,527,799
445,1469,843,460,635,389,955,1033,1037,1048,726,812,676,732,1074,1126,1340,346,1303,1417,400,1292,752,1065,1193,331,1100,,
446,771,1020,1236,951,1257,1108,994,1115,977,936,1108,929,1113,1137,959,1270,1232,1281,544,495,884,977,970,1188,1262,1219,1299,959
447,833,1541,1899,1379,1993,1774,1277,1688,1187,1435,1548,1401,1646,1812,1179,2117,2019,2143,938,934,1051,1469,1270,1902,1997,1982,1948,1303
448,1251,778,588,817,614,1037,949,920,974,780,774,808,810,1005,1065,1089,648,1158,1078,577,1104,765,1020,1016,622,1106,551,802
449,1331,726,503,793,527,1095,1000,972,1018,784,761,812,810,1063,1186,1128,560,1324,1262,436,1143,754,1106,1061,510,1232,475,776
450,338,637,791,603,811,752,570,730,537,612,671,627,684,767,524,913,791,972,346,444,466,608,558,811,816,884,825,578
451,825,619,431,576,407,686,654,695,678,612,546,591,531,717,664,833,402,755,796,522,742,610,646,750,401,720,411,537
452,2665,1152,368,507,315,1291,1547,1081,1692,485,998,448,1001,1362,1739,1983,,,2934,507,2341,778,1643,1516,,,,
453,860,605,451,581,436,757,720,693,723,581,580,595,591,769,764,838,433,923,833,448,821,588,722,769,436,845,429,568
454,636,381,254,438,274,601,500,484,498,390,372,422,397,554,570,602,290,771,609,210,575,361,547,555,279,683,214,431
455,241,144,67,103,65,161,174,143,187,113,125,104,123,157,179,178,59,213,224,60,223,106,170,161,58,185,,
456,2426,942,414,1318,490,1786,1646,1537,1737,1123,1104,1247,1130,1737,1865,2132,663,2532,1699,471,2110,972,1733,1857,542,2147,,
457,78,110,225,110,231,148,140,139,129,107,183,110,179,156,128,172,219,194,75,58,107,104,138,157,228,174,233,108
458,269,77,58,136,208,94,216,129,62,177,130,108,148,157,233,179,49,228,268,51,232,88,224,155,54,193,,
459,30,57,120,73,124,90,75,89,70,63,94,72,98,98,54,112,127,128,30,22,48,59,62,102,127,112,122,70
460,110,66,53,71,54,86,86,73,87,63,68,67,73,83,91,97,58,106,102,37,100,58,89,85,57,96,47,69
461,113,50,49,57,47,75,85,76,90,57,69,57,66,75,86,98,54,94,,,,,86,87,50,86,45,56
462,122,65,32,62,31,86,86,83,85,58,59,62,61,89,94,110,32,125,114,30,103,58,89,95,30,106,,
463,144,70,12,41,12,66,85,73,93,49,53,42,49,72,92,118,12,100,126,32,132,61,85,95,10,83,10,38
464,2038,1390,930,1432,878,1676,1744,1514,1740,1390,1292,1454,1296,1680,1910,1793,915,2170,2019,855,1872,1364,1820,1665,780,1925,878,1386
465,814,1334,1914,1224,1902,1639,1228,1526,1187,1251,1548,1251,1537,1650,1074,2117,1774,2079,1285,893,1119,1217,1040,1793,1857,1827,1959,1209
466,643,463,211,379,191,543,486,513,496,431,334,404,340,550,568,752,247,789,769,135,555,411,529,645,209,659,164,359
467,762,483,315,358,269,507,486,524,529,409,422,375,382,536,455,704,235,727,801,347,693,445,468,619,237,577,286,338
468,226,447,696,402,688,548,400,519,396,420,560,397,550,548,342,764,648,801,260,231,365,418,395,611,675,687,741,387
469,3028,1132,403,1202,291,1853,1927,1694,2020,1182,1182,1167,1136,1993,2268,2384,264,2811,2966,202,2671,1120,2086,1985,225,2365,318,1179
470,2214,1260,694,1330,671,1861,1520,1601,1562,1217,1070,1322,1163,1799,1682,2248,717,2516,2090,531,1814,1171,1613,1931,663,2155,655,1260
471,213,429,820,743,869,470,519,442,396,646,619,711,665,447,532,168,885,156,85,671,334,580,524,359,875,332,850,820
472,884,446,168,390,161,557,556,569,601,382,373,392,356,633,575,829,120,847,838,165,760,386,551,671,146,682,146,355
473,576,1019,1513,803,1622,1030,945,1084,868,918,1210,885,1284,1109,959,1456,1786,1379,612,636,705,929,964,1256,1712,1213,1589,726
474,227,314,467,248,493,352,377,353,345,277,408,260,439,361,377,509,530,473,240,266,284,284,365,419,521,422,481,219
475,1340,809,632,762,613,945,1014,937,1060,762,833,768,829,973,1111,1152,652,1150,1245,574,1217,794,1088,1049,613,1053,596,742
476,,,723,799,686,965,1094,928,1124,816,911,842,902,984,1211,1124,678,1150,1209,581,1159,792,1200,1032,660,1060,691,777
477,1726,1131,707,1065,732,1256,1210,1191,1237,975,956,1005,980,1273,1275,1450,800,1510,1876,803,1568,1016,1251,1346,743,1401,688,961
478,808,994,1589,1106,1584,1344,1043,1155,1038,991,1335,1038,1286,1335,1000,1355,1576,1548,893,636,907,961,1032,1259,1600,1464,1658,1081
479,2152,901,541,961,511,1428,1603,1289,1611,983,1062,994,1027,1480,1707,1775,404,1868,2013,341,1931,841,1660,1521,440,1589,508,939
480,2185,866,563,623,549,1226,1420,1090,1690,740,1109,645,1101,1193,1619,1619,666,1865,1833,339,1934,754,1458,1300,543,1540,448,470
481,1996,918,808,718,699,1172,1308,1251,1467,929,1136,800,1043,1248,1447,1783,705,1775,1579,281,1693,885,1368,1513,647,1464,784,650
482,2977,955,204,655,234,1550,1943,1277,2003,880,1024,763,1051,1595,2045,1727,222,1778,2908,150,2769,892,2009,1553,222,1640,123,649
483,377,787,1704,724,1742,1196,847,1046,825,606,1286,645,1264,1152,762,1442,1767,1707,481,472,617,691,773,1193,1721,1437,1822,702
484,1808,986,412,762,437,1303,1218,1158,1322,871,863,841,874,1297,1431,1693,571,1729,1854,470,1628,950,1294,1368,489,1453,377,721
485,2108,945,437,825,388,1259,1630,1161,1647,879,1016,888,1076,1292,1873,1576,434,1707,1895,448,1977,874,1742,1311,366,1442,391,778
486,2152,912,619,583,574,933,1453,1082,1554,750,1085,601,1094,1043,1518,1566,646,1880,2206,239,1859,744,1479,1288,553,1414,526,484
487,685,454,300,376,289,485,470,490,492,394,389,375,388,495,515,661,277,614,680,281,589,417,479,577,271,548,269,347
488,580,472,378,466,391,521,521,504,526,467,450,461,458,511,563,540,415,591,568,384,544,473,547,527,398,564,,
489,1557,934,909,909,841,1079,1338,1120,1349,923,1131,901,1117,1161,1439,1357,967,1491,1568,655,1450,937,1355,1226,888,1305,841,882
490,1286,1163,748,1071,705,1281,1079,1196,1098,1098,918,1095,918,1262,1142,1447,773,1532,1628,1005,1221,1117,1090,1308,743,1439,710,1054
491,527,847,1696,1038,1579,1142,956,1068,904,863,1256,923,1221,1114,740,1701,1742,2073,888,104,770,852,822,1344,1636,1587,,
492,2162,1492,465,1550,480,2228,1557,2022,1604,1507,1027,1538,1089,2255,1654,2541,577,2902,2956,283,1914,1480,1608,2251,504,2561,325,1592
493,3667,1545,547,1539,660,2615,2365,2246,2431,1432,1480,1557,1652,2603,3387,3274,743,4421,3328,475,3078,1438,2805,2710,612,3340,351,1486
494,969,259,148,495,251,744,704,514,699,318,442,370,539,637,913,735,412,1188,,,841,259,820,625,289,955,,
495,3072,2074,1385,2092,1248,2478,2175,2805,2335,2133,1866,2110,1783,2811,2258,3334,1123,3114,2603,1165,2520,2098,2258,3114,1212,2853,1278,2032
496,363,2009,3144,1741,3328,2573,1628,2740,1379,1997,2217,1908,2300,2811,868,3827,3797,3827,464,992,1034,1985,1284,3233,3631,3096,3334,1759
497,1667,1002,480,708,361,1108,924,1177,1090,775,761,749,664,1200,982,1331,343,1287,1598,251,1345,913,915,1255,333,1205,389,671
498,1806,1020,547,1172,537,1612,1444,1518,1317,952,948,1026,1007,1609,1511,1903,638,2191,1314,314,1401,887,1505,1670,424,1906,,
499,902,1480,2119,1179,2269,1487,1649,1715,1441,1464,1726,1252,1930,1699,983,2216,1873,2135,1595,1098,1225,1406,1206,1919,2158,1853,,
500,383,558,731,498,743,592,565,584,519,499,629,490,649,591,527,719,739,691,430,464,445,507,543,653,753,646,,
501,536,1005,1310,1026,1333,1193,836,1151,812,995,1078,1021,1078,1198,716,1419,1325,1521,503,575,648,976,802,1276,1336,1349,1354,976
502,1132,715,289,619,275,920,806,799,799,555,533,606,587,890,992,1038,374,1254,1163,177,1004,603,885,920,278,1093,150,517
503,1218,599,362,699,300,911,845,810,860,619,574,667,588,942,979,1070,267,1157,1156,273,1077,599,911,942,282,1031,289,665
504,963,610,517,638,524,794,797,681,799,601,647,638,681,769,992,927,583,1100,942,335,860,587,865,794,546,885,455,594
505,1150,567,328,560,339,808,854,728,856,553,603,585,622,790,1082,1086,382,1150,1161,305,1041,535,954,870,342,915,276,555
506,108,841,1365,640,1441,903,656,901,592,723,1000,705,1028,976,532,1235,1477,1409,151,432,267,735,626,1026,1467,1112,1433,588
507,813,1395,2635,1638,2601,2019,1483,1761,1395,1379,1996,1549,1992,2027,1379,2138,2620,2501,786,852,1083,1349,1422,1957,2612,2266,2312,1499
508,1317,773,514,576,478,799,925,809,950,636,735,622,693,875,980,1094,468,1184,1263,428,1148,668,952,946,460,986,440,542
509,2531,1433,1152,1287,1079,1726,1857,1772,1907,1333,1560,1341,1480,1876,1903,2169,1048,2150,2165,886,2135,1414,1900,1942,1029,1915,1133,1210
510,2389,1611,1040,1341,1040,1869,1927,1803,1946,1329,1522,1314,1534,1923,2088,2300,1071,2316,2377,536,2131,1349,1980,2015,990,2069,,
511,1180,747,590,709,584,901,917,851,931,683,757,701,773,901,962,1044,638,1136,1164,474,1078,679,564,984,929,948,554,670
512,2273,1603,1094,1210,1125,1557,1888,1618,1927,1333,1503,1322,1456,1595,1973,1780,1187,1923,2458,1225,2158,1437,1923,1665,1156,1761,,
513,2817,1553,929,1071,778,1684,1980,1761,2065,1302,1468,1233,1426,1826,2212,2339,878,2558,2859,582,2447,1364,2100,1980,659,2000,,
514,1170,871,650,691,580,937,861,946,917,817,781,771,735,960,942,1142,450,1126,1281,580,1030,781,891,1032,504,1036,620,620
515,,,422,747,,,,,,,853,709,781,1182,,,,,1329,426,1315,622,,,,,369,689
516,1490,590,432,391,387,717,1004,707,1076,434,757,397,723,815,1084,1241,412,1311,1409,277,1291,504,1080,887,377,927,355,323
517,1349,580,420,546,393,757,966,767,1014,550,703,568,691,841,1014,1048,385,1064,,,,,1006,915,365,915,,
518,944,1568,2485,1638,2516,2069,1811,2034,1688,1545,2111,1634,2135,2081,1695,2528,2485,2670,1298,570,1391,1483,1753,2219,2485,2397,2593,1530
519,233,871,1190,749,1321,1000,753,982,636,803,966,809,1008,1048,705,1365,1433,1407,337,201,377,805,747,1154,1403,1186,1261,717
520,840,1144,2331,1248,2366,1742,1514,1549,1449,1144,1884,1218,1892,1688,1395,1961,2335,2173,,,,,1480,1711,2377,1880,2362,1237
521,614,430,302,377,304,458,447,470,472,392,386,382,382,487,491,528,282,561,636,279,518,393,459,503,276,499,279,366
522,2612,1480,1017,1653,1048,1938,1915,1792,1900,1534,1422,1580,1510,1919,2088,2269,1194,2339,2131,435,2088,1464,1938,2004,1121,2146,944,1530
523,1084,616,334,488,390,818,750,726,722,507,529,530,599,810,820,958,513,1058,988,176,957,555,778,851,436,943,205,451
524,1924,1274,829,980,740,1297,1530,1348,1582,1095,1175,1028,1181,1358,1678,1665,663,1681,2014,877,1822,1156,1623,1514,704,1457,733,945
525,2232,832,394,1095,416,1582,1662,1207,1630,848,961,989,1121,1518,2062,1716,515,2385,2196,320,2036,807,1867,1463,455,1947,250,1121
526,3328,2266,875,1499,860,2576,2123,2345,2443,1681,1627,1519,1607,2635,2261,3146,1096,3539,3357,295,2664,1789,2143,2738,821,3013,737,1386
527,3554,2114,875,1362,767,2399,2266,2256,2315,1519,1563,1514,1578,2502,2448,2925,850,3293,3608,654,3038,1809,2310,2576,703,2821,723,1278
528,1410,619,313,1009,442,1338,917,1025,904,827,603,942,755,1269,1394,1248,585,1882,927,195,1143,691,1089,1148,478,1572,234,942
529,1202,866,526,698,528,933,864,950,912,732,721,705,738,952,883,1111,581,1151,1269,514,1086,799,879,1042,549,1053,,
530,1151,1051,673,860,671,969,887,984,940,856,814,843,797,979,893,1101,694,1091,1250,747,1070,937,885,1040,659,1009,,
531,461,856,1290,914,1315,1120,862,1036,801,858,1061,898,1063,1111,812,1355,1290,1437,491,390,677,807,864,1151,1323,1252,,
532,652,1466,1863,1369,1940,1664,1345,1689,1219,1470,1559,1401,1632,1786,1276,2211,2086,2211,1049,697,1004,1393,1243,2021,2041,1997,,
533,713,1913,2919,1877,2973,2409,1602,2247,1530,1805,2287,1863,2256,2436,1516,2942,3027,3239,704,420,957,1854,1534,2509,2991,2716,3014,1827
534,367,749,1367,614,1382,967,807,898,736,673,1074,633,1072,944,780,1174,1323,1277,478,403,518,692,791,1013,1348,1176,1439,583
535,1097,768,732,778,927,891,728,895,950,761,841,763,847,885,965,1032,730,1072,948,606,981,747,937,965,719,979,,
536,1071,1264,2181,1125,2289,1587,1614,1491,1541,1117,1896,1129,1953,1638,1449,1942,2277,2038,1009,1179,1279,1179,1560,1711,2316,1834,,
537,971,697,325,702,347,909,626,824,624,675,486,708,500,885,774,1033,370,1173,979,133,742,629,708,937,338,1030,279,695
538,1008,881,267,744,326,935,694,873,724,718,527,738,535,927,837,1303,348,1438,593,161,847,726,748,1042,241,1068,,
539,1382,609,481,817,499,985,1024,817,1036,630,796,728,806,909,1156,1068,684,1352,1307,209,1193,587,1094,935,535,1187,,
540,,,534,427,528,679,1163,703,1229,470,892,482,885,878,1247,1197,604,1047,,,,,1259,870,519,809,,
541,523,700,1283,666,1315,951,905,868,855,629,1089,663,1079,934,733,1182,1290,1281,484,366,764,614,860,954,1320,1099,1357,644
542,1136,594,522,737,621,953,939,812,909,635,703,675,812,874,1222,960,719,1216,916,476,976,592,1062,900,673,1086,,
543,1278,622,584,696,596,990,953,907,986,705,740,705,789,953,1104,1183,628,1153,979,417,1157,628,1021,1039,599,1063,554,682
544,1526,457,371,578,378,981,1007,830,1042,621,689,643,696,969,1350,1021,318,1315,1099,381,1354,468,1167,925,346,1100,397,457
545,494,696,1273,705,1230,888,904,853,851,628,1074,664,1065,851,838,1051,1165,1167,598,524,689,601,895,963,1257,1037,,
546,555,824,1230,712,1236,911,773,914,751,707,984,691,972,979,675,1164,1111,1281,698,401,,,,,,,,
547,543,977,1397,650,1378,861,821,939,691,751,1048,613,1076,851,,,,,269,670,650,817,,,,,,
548,2700,1192,1021,1263,920,1867,1612,1805,2015,1285,1434,1230,1382,1854,2270,2522,1153,2755,2102,323,2235,1201,2025,2138,824,2061,966,1201
549,,,605,568,1062,764,639,791,1086,582,846,543,880,792,1178,1065,671,1064,,,,,1101,905,636,905,,
550,849,1566,2629,1376,2736,1847,1440,1692,1321,1421,2015,1440,2093,1867,1331,2296,2878,2548,669,704,1079,1431,1411,1977,2803,2148,2690,1324
551,1417,625,395,725,434,1130,1120,800,1139,648,763,704,821,1014,1402,1234,603,1643,1371,237,1282,619,1238,968,488,1367,314,679
552,499,879,1421,889,1429,1105,916,1049,821,850,1149,875,1174,1157,866,1431,1425,1421,846,494,671,839,912,1203,1444,1226,1452,837
553,568,878,2516,714,2664,1331,1705,1544,1347,1101,1993,753,2070,1508,1602,2403,2316,2216,1398,694,1050,1001,1473,1899,2781,1592,2606,717
554,1178,766,,,,,886,893,928,700,802,735,,,1021,1230,,,1018,1181,984,461,925,998,,,,
555,2530,1407,1377,1592,1358,2050,2163,1751,2133,1411,1755,1528,1815,2001,2318,2016,1471,2473,2004,1165,2349,1373,2212,1880,1399,2250,1248,1573
556,940,622,544,560,541,721,738,687,802,606,682,571,658,705,,,,,1134,489,861,603,,,485,777,,
557,472,759,920,563,949,677,682,731,618,590,769,556,819,713,684,944,987,959,282,557,560,612,688,823,982,796,1051,442
558,393,658,982,550,980,789,671,769,612,557,831,527,805,780,619,923,927,977,347,479,527,584,633,836,964,882,1032,531
559,550,573,880,600,865,720,672,656,678,531,769,566,759,677,546,740,831,898,557,479,649,530,630,697,861,799,903,584
560,1698,909,456,715,511,1093,1181,952,1208,668,848,674,891,1044,1431,1396,474,1537,1903,378,1404,723,1308,1232,486,1304,405,666
561,1046,638,619,553,558,723,845,737,889,581,743,580,738,749,928,894,587,888,891,433,954,593,889,798,568,810,401,561
562,1185,677,351,637,309,831,653,822,691,629,540,652,511,864,791,976,245,1082,1037,266,966,583,722,910,263,948,323,596
563,1099,659,351,635,354,797,750,759,755,587,555,623,553,818,848,973,353,997,907,422,982,623,792,848,333,859,,
564,1208,680,293,685,303,857,798,809,903,640,590,670,626,892,880,1078,335,1106,946,335,1040,643,877,964,324,982,248,697
565,,,,,,,,,,,,,,,,,,,,,,,,,,,,
566,981,647,561,643,516,737,,,797,664,676,646,634,774,,,483,854,963,550,895,619,,,486,791,,
567,,,483,577,456,759,901,698,955,619,682,575,674,797,993,913,507,960,,,,,924,792,451,821,465,568
568,157,388,659,215,696,356,354,382,316,301,502,239,513,371,318,613,673,587,33,86,220,326,339,462,722,424,702,184
569,83,570,502,511,485,594,238,529,221,453,371,479,353,557,51,658,453,700,84,94,145,423,160,572,475,638,,
570,766,163,108,125,77,289,485,246,511,105,312,108,306,281,531,452,60,487,918,29,758,104,495,339,54,345,73,89
571,37,358,511,288,578,455,309,488,238,303,379,297,423,487,304,674,572,689,110,28,151,299,297,549,581,561,555,275
572,34,432,422,85,557,257,326,421,176,283,305,158,441,365,332,590,,,48,240,116,331,343,501,,,,
573,256,644,1026,520,1058,774,514,698,461,518,779,537,792,846,423,1144,1052,1182,19,116,318,557,496,887,1074,911,1070,465
574,9,214,674,214,676,398,421,362,378,188,555,213,533,376,337,523,652,622,117,69,246,197,389,426,658,462,735,160
575,32,199,405,199,379,284,182,254,168,163,290,183,272,268,144,366,317,413,71,41,132,172,170,308,371,355,436,197
576,462,278,46,260,85,347,302,307,296,221,174,227,202,323,389,519,170,553,427,69,325,211,365,408,84,435,17,266
577,99,979,2179,484,2342,1228,1021,1289,767,583,1520,488,1651,1442,852,1812,2444,1989,30,167,296,765,930,1539,2444,1499,2298,431
578,540,396,4,369,43,493,316,482,340,376,174,345,188,507,375,575,73,714,359,53,374,356,339,531,33,617,,
579,1171,419,256,177,166,554,771,494,858,308,532,263,514,534,823,876,151,976,1232,106,1088,358,771,675,105,739,185,126
580,993,359,249,287,184,451,628,477,661,347,440,334,407,529,668,784,133,711,807,44,845,322,646,609,155,530,211,265
581,951,804,131,726,101,1025,618,909,643,737,392,770,398,1010,806,1189,140,1446,1018,144,821,757,685,1038,86,1214,101,700
582,1100,424,322,169,231,509,771,449,842,338,582,262,515,511,853,923,191,952,1147,45,1002,390,802,646,195,685,285,109
583,1260,563,173,392,152,811,847,658,891,457,528,431,522,797,946,1172,156,1280,1243,115,1112,506,906,918,142,990,113,338
584,597,331,162,267,147,397,422,362,478,289,306,279,308,398,527,494,162,558,579,69,539,293,465,423,161,499,134,240
585,574,222,127,253,134,409,405,251,409,188,265,229,293,348,469,410,151,590,523,25,483,178,439,345,140,510,92,238
586,153,1086,2279,342,2564,866,1483,1224,1093,715,1770,466,1908,1215,1215,2191,2578,1889,694,79,662,870,1322,1686,2705,1272,2382,299
587,51,1486,2453,1464,2604,2221,1217,2195,1048,1515,1798,1460,1732,2287,640,3387,2541,3380,1206,44,662,1280,890,2832,2747,2530,,
588,1772,467,366,177,313,517,1346,573,1402,359,818,286,789,698,1500,1164,232,1095,1790,160,1496,327,1434,808,237,712,241,165
589,1648,374,298,347,262,760,946,812,1093,384,692,362,650,870,1212,1445,173,1445,1267,156,1234,394,1157,1124,59,985,283,310
590,773,300,139,195,196,293,538,354,593,222,388,165,381,327,585,516,182,488,746,37,644,210,545,416,162,372,150,81
591,4262,1645,359,1763,233,2770,2977,2419,3129,1839,1560,1801,1607,2804,3218,3307,326,3928,3789,161,3476,1759,3062,2757,152,3332,186,1691
592,1101,1043,174,890,284,1163,659,1139,713,917,450,928,501,1207,762,1329,415,1488,551,16,893,867,680,1231,354,1336,,
593,1412,733,269,488,352,722,817,777,962,509,637,486,605,844,904,1142,339,1151,1428,28,1032,548,885,952,272,916,158,219
594,1390,1141,206,1118,264,1525,902,1455,962,1126,563,1110,611,1509,1035,1839,403,1949,1351,79,1218,1112,975,1638,278,1683,152,1014
595,103,570,816,103,809,229,485,437,382,351,595,228,646,326,641,661,1051,494,157,191,269,426,545,527,970,358,847,59
596,197,530,1377,210,830,596,1322,425,696,405,1023,305,1105,560,848,841,1285,805,38,67,456,349,812,710,1505,493,,
597,822,463,170,227,158,331,521,444,582,316,421,230,355,386,541,570,146,638,,,691,318,523,502,125,516,82,134
598,2270,1167,581,919,494,1472,1441,1507,1564,994,1068,973,1004,1519,1486,1902,553,2199,2091,71,1800,1013,1443,1682,437,1807,456,803
599,582,285,138,224,163,352,356,376,383,302,267,280,271,362,415,529,134,584,404,27,457,251,354,444,120,461,104,200
600,2114,806,661,873,786,1264,1434,1094,1441,721,1061,839,1126,1161,1652,1519,808,1752,1797,120,1822,711,1521,1327,738,1474,118,982
601,2883,1174,261,525,332,1409,1852,1324,1893,775,983,683,1055,1389,2036,1774,240,2222,2631,48,2568,983,1941,1569,310,1648,198,465
602,229,693,2236,569,2355,1262,893,1008,844,533,1615,594,1599,1298,792,1854,2209,2135,13,22,506,553,848,1345,2384,1611,2285,513
603,107,571,1031,377,1031,608,580,603,473,362,747,350,783,636,556,808,1013,827,140,29,303,397,563,693,1023,709,1048,305
604,705,495,128,476,111,556,511,556,512,453,315,465,325,558,605,722,184,718,640,38,547,435,544,636,113,616,55,463
605,1091,378,212,382,181,641,730,591,781,377,487,371,483,621,757,969,146,1124,1103,26,896,364,752,776,124,863,118,314
606,113,426,1168,455,1187,870,521,747,486,478,846,521,838,860,527,1264,1150,1396,255,76,269,428,460,965,1197,1061,1234,434
607,99,516,984,411,1020,708,503,632,432,468,744,469,759,717,526,942,994,1040,103,124,266,472,509,769,1040,845,1046,371
608,878,368,204,349,125,554,603,514,651,386,410,393,376,603,711,703,58,806,763,74,733,326,661,581,93,648,164,313
609,242,308,568,182,590,285,392,346,350,267,451,211,480,318,388,459,631,411,64,99,326,267,378,395,608,341,,
610,491,196,106,155,136,236,331,243,370,164,244,94,248,238,375,387,163,369,450,104,411,173,360,298,150,303,,
611,1028,520,45,697,75,984,566,905,560,691,300,713,339,971,694,1270,228,1392,815,12,761,488,631,1092,51,1122,,
612,679,478,1416,241,1448,447,1041,505,952,368,1160,266,1224,501,855,615,1425,633,27,137,777,354,998,593,1497,594,1313,105
613,191,617,1053,344,1088,590,573,653,492,457,804,410,815,692,479,911,1086,930,59,137,308,547,558,777,1138,739,1183,376
614,966,267,49,492,58,772,627,653,631,485,325,476,349,775,701,920,96,910,1023,54,802,366,625,780,67,826,,
615,1538,1237,183,1156,130,1587,850,1568,952,1251,554,1225,535,1654,1045,2024,188,2138,1619,60,1281,1177,913,1774,95,1872,127,1061
616,724,374,77,355,70,475,417,485,479,353,254,357,262,488,558,627,95,684,676,31,656,324,448,548,84,553,,
617,621,363,137,370,134,499,374,468,437,354,270,353,288,509,478,577,152,705,523,59,511,346,423,530,131,599,120,373
618,649,578,72,532,77,678,342,642,421,463,232,482,232,664,415,904,113,941,750,33,545,483,410,770,50,809,29,543
619,95,778,2715,1549,,,,,928,1130,1754,1307,,,,,,,1580,145,762,941,,,,,2765,1454
620,1632,616,101,351,156,692,923,757,1041,472,620,456,595,746,996,1080,225,1199,1425,62,1294,476,972,945,131,958,,
621,1715,471,146,801,172,978,1016,944,1143,723,618,752,658,991,1243,1329,509,1476,1746,70,1429,660,1076,1180,229,1177,49,808
622,850,333,83,380,116,739,593,519,630,366,359,389,396,663,791,853,248,1157,840,95,737,349,713,714,174,949,,
623,1327,529,192,451,177,666,1029,629,1076,447,601,440,632,790,1185,1436,349,1458,1624,118,1205,486,1082,1003,214,969,105,420
624,22,160,513,143,489,283,247,258,235,165,368,166,373,262,213,374,437,414,107,18,203,146,239,303,476,331,537,133
625,1557,638,274,661,294,932,1187,893,1235,675,709,686,779,1099,1342,1274,393,1344,1443,187,1314,610,1245,1076,310,1138,194,653
626,2067,668,257,564,339,1094,1224,904,1312,519,750,483,880,1069,1417,1401,507,1599,1793,59,1632,514,1328,1146,399,1337,97,514
627,1959,965,389,908,,,1082,1138,1209,734,779,797,,,1211,1662,,,1699,325,1385,782,1129,1416,,,228,908
628,135,325,949,425,867,523,409,534,386,327,643,335,643,537,318,797,813,834,195,99,341,302,378,641,878,651,,
629,147,398,603,324,611,442,289,507,269,395,425,359,464,522,260,706,639,619,87,112,232,376,282,572,654,493,,
630,1778,620,323,464,278,769,881,733,913,499,601,494,578,848,966,1064,49,969,1322,21,1383,349,937,892,238,889,294,455
631,1050,1040,79,633,50,1091,546,1028,668,737,399,709,358,1069,795,1348,265,1523,1002,52,926,849,596,1126,96,1308,36,627
632,1850,597,195,467,210,1079,1029,795,1088,470,611,482,659,951,1299,1104,408,1480,1589,230,1551,437,1127,944,248,1213,43,379
633,389,778,882,223,963,386,602,586,491,466,679,311,853,520,703,745,1048,610,19,137,366,523,664,684,1003,462,880,115
634,695,648,102,696,146,907,479,809,479,644,281,679,336,848,645,1018,198,974,706,19,621,641,565,924,148,952,69,697
635,158,606,1316,677,1357,1073,724,1002,626,710,976,717,978,1066,277,1418,1490,1607,428,54,429,666,535,1187,1421,1316,1476,661
636,131,611,1628,360,1647,668,671,764,574,539,1141,473,1153,812,620,1144,1622,1206,353,91,402,556,630,938,1726,889,1691,276
637,998,309,28,244,200,586,621,502,652,137,348,208,457,534,751,826,392,1026,822,45,807,206,719,683,311,831,,
638,157,409,875,272,834,503,466,467,410,325,660,285,632,475,439,698,757,767,363,20,339,282,413,586,816,632,913,280
639,91,365,543,344,528,434,300,439,260,350,388,311,394,429,212,599,488,576,290,20,241,348,267,502,538,483,,
640,1000,655,60,517,94,746,469,748,575,489,327,499,324,815,587,1010,167,1121,1027,89,796,572,545,873,92,959,,
641,105,167,873,88,896,299,491,331,446,153,667,110,676,346,430,555,858,558,,,356,127,502,445,897,409,924,44
642,381,890,1228,766,,,,,800,842,1014,791,1025,961,707,43,,,,,690,816,,,,,,
643,147,632,1227,578,1332,783,754,851,657,650,1011,607,1066,882,943,1358,1438,1303,497,57,407,581,812,1154,1475,1040,1230,511
644,331,893,1068,629,1136,989,740,954,604,692,869,643,912,1012,760,1275,1190,1330,78,94,476,760,756,1090,1177,1118,1149,604
645,648,396,103,296,141,502,418,432,469,261,298,256,322,470,476,621,203,673,605,88,530,255,443,525,147,572,80,273
646,1025,410,260,360,279,689,688,670,672,270,469,286,533,659,854,771,349,912,821,32,780,217,793,720,296,805,168,309
647,482,1273,3882,1803,3906,2459,1854,2170,1660,1518,2826,1518,2819,2601,1688,2830,3858,3514,719,150,1273,1281,1779,2463,3921,2973,4902,1834
648,1450,863,157,888,183,1030,846,963,858,692,541,772,550,1022,993,1411,222,1467,1552,496,1117,638,927,1174,139,1184,,
649,316,673,1602,723,1589,901,935,836,852,524,1251,470,1239,867,849,1108,1514,1224,432,38,658,515,913,967,1542,1045,,
650,620,583,216,389,168,588,392,601,442,521,340,458,311,567,493,968,178,1216,799,171,517,552,389,824,199,800,150,262
651,339,119,31,203,35,217,206,167,217,110,131,147,143,187,287,264,83,338,285,24,310,94,247,220,57,281,,
652,678,488,111,551,139,644,424,592,473,475,302,511,320,613,535,814,224,897,628,45,512,465,472,685,150,759,48,509
653,1305,547,117,711,104,1120,1088,742,1051,515,578,621,642,980,1345,1195,166,1700,1265,82,1194,486,1144,894,122,1309,27,757
654,938,675,240,537,247,661,566,738,644,597,453,547,431,736,597,954,284,916,1119,165,720,584,569,841,264,793,,
655,546,561,133,456,117,538,328,586,360,472,256,469,244,549,360,733,99,724,700,185,450,441,335,655,97,617,102,438
656,574,333,105,299,85,414,402,476,433,382,266,355,243,425,398,635,83,594,603,45,524,274,406,537,65,500,,
657,746,349,25,403,34,559,514,463,521,342,245,366,295,488,623,668,90,798,351,105,556,329,564,555,54,623,,
658,645,344,32,470,63,603,458,576,450,433,250,419,279,594,475,818,170,811,648,48,522,360,482,671,114,696,21,430
659,787,372,163,394,214,491,525,391,540,255,359,339,387,440,590,544,275,612,526,59,643,228,542,460,232,542,107,338
660,346,397,182,999,274,986,332,624,231,536,207,714,322,766,491,595,450,884,294,36,263,405,413,612,358,959,174,1055
661,337,86,60,119,83,192,220,172,221,104,148,116,165,194,328,237,99,299,158,27,222,94,271,213,93,237,,
662,487,291,110,321,136,414,357,368,356,292,233,300,257,393,431,479,175,492,355,54,370,271,378,410,140,443,51,327
663,273,298,531,183,552,220,404,309,359,221,450,202,495,286,431,450,574,242,54,151,269,210,417,371,568,231,556,166
664,185,108,51,122,33,151,122,160,155,135,97,134,89,160,162,288,40,231,224,63,161,126,139,236,30,186,36,116
665,77,623,1292,585,1274,836,615,797,542,578,928,532,927,832,557,1185,1184,1387,62,83,250,608,551,991,1242,1069,,
666,57,566,1063,634,1028,836,598,758,554,567,828,619,788,858,469,1063,981,1183,425,81,331,550,538,892,1012,969,,
667,95,530,1196,607,1203,877,675,803,646,591,961,592,914,880,552,1119,1154,1236,352,88,288,523,620,931,1168,1045,1227,559
668,1594,574,129,800,176,1307,1044,989,1108,663,583,730,660,1214,1264,1446,308,1910,1737,92,1266,611,1132,1222,222,1618,25,769
669,888,1194,3244,549,3248,1166,2176,1143,1895,641,2664,534,2649,1229,1954,1811,3148,1828,94,406,1116,777,2052,1470,3242,1437,3361,580
670,1269,522,176,392,174,901,666,917,828,510,494,421,522,908,964,1469,451,1604,750,164,983,451,863,1195,136,1138,59,299
671,81,1388,2380,545,2371,1200,1577,1618,1075,1113,1743,611,1956,1501,1724,1809,2092,1609,475,66,824,1222,1139,1824,2467,1390,2590,558
672,89,603,2100,198,2039,726,1040,651,885,150,1548,128,1475,709,801,1127,1878,1332,,,324,232,982,856,1982,945,2250,198
673,1487,267,192,217,177,441,768,482,851,168,484,203,463,511,871,695,181,875,1343,28,1210,194,832,584,164,680,137,237
674,281,930,2745,752,2882,1227,1472,1398,1271,989,2049,890,2154,1454,1694,1680,2581,1708,407,136,940,920,1434,1604,2902,1414,2857,672
675,1285,179,108,291,301,648,922,388,906,204,504,208,623,562,1219,747,498,1012,,,1032,146,990,471,385,827,,
676,1532,510,164,759,365,1288,1072,957,1078,575,625,694,793,1161,1435,1206,700,1686,1515,238,1292,514,1212,1072,476,1502,87,754
677,1615,651,230,790,209,1193,982,930,973,681,559,764,615,1186,1272,1477,158,1773,1705,49,1391,544,1099,1156,175,1442,79,760
678,122,941,1141,338,1242,567,638,772,500,638,888,452,957,711,731,1161,1344,937,260,16,336,743,682,918,1308,697,1227,295
679,25,50,87,51,96,78,47,71,48,49,70,53,71,81,38,99,88,120,8,18,38,48,43,79,93,103,91,48
680,4399,1440,666,657,809,1789,2885,1530,3164,757,1773,721,1941,1951,3584,2475,1275,3031,4124,84,4131,1135,3280,2022,899,2336,13,459
681,1181,537,415,251,335,376,821,494,896,337,649,291,574,485,840,691,172,589,1119,233,1064,380,830,594,277,435,,
682,1712,1108,315,1135,207,1453,1032,1483,1115,1135,706,1138,660,1540,1225,2119,230,2133,1432,159,1342,1101,1094,1830,147,1715,165,1085
683,1232,960,375,814,360,1050,868,1157,923,937,653,852,596,1113,816,1732,243,1741,1381,193,985,929,847,1295,308,1360,,
684,394,2701,5966,3589,5866,4855,2663,4168,2431,3103,4368,3489,4067,4739,1605,5850,5673,7108,2493,448,1343,2794,2292,4855,5874,5966,6259,3442
685,442,2037,4296,1663,4363,2502,2154,2558,1970,1764,3363,1775,3303,2719,2202,3296,4431,3176,1007,176,1382,1846,2124,2888,4438,2790,4434,1603
686,1225,2189,2359,1975,1899,2322,2477,2274,1733,2096,1805,2492,2549,2416,1690,2731,2613,2685,293,187,1530,2105,1811,2567,2586,2528,,
687,674,1986,2735,2097,2863,2632,1707,2704,1475,2077,2189,2113,2241,2811,1392,3481,2823,3649,558,562,1260,1998,1639,2971,2915,3102,2911,1966
688,793,740,1766,856,1809,1089,1373,1108,1300,725,1549,909,1563,1050,1351,1510,1784,1520,683,172,916,689,1386,1263,1825,1236,,
689,1570,382,227,445,220,795,920,696,999,363,577,466,606,762,1089,906,264,1102,1209,36,1206,376,999,826,212,938,149,461
690,162,705,1588,865,1634,1151,765,993,715,759,1181,827,1165,1163,687,1606,1476,1766,184,94,422,629,751,1283,1598,1494,1664,813
691,2263,773,223,342,183,975,1518,901,1628,649,840,532,833,1009,1698,1504,219,1653,1644,49,1849,692,1543,1158,176,1236,198,228
692,855,338,108,148,81,307,581,400,651,261,376,188,341,383,601,486,49,570,885,47,705,276,587,439,54,456,,
693,851,159,175,119,188,329,648,299,714,162,428,155,421,339,791,496,196,615,,,,,684,381,193,454,65,125
694,1486,523,268,662,265,961,1159,768,1148,555,701,616,732,941,1322,1052,310,1401,1211,50,1212,528,1236,920,265,1198,166,551
695,,,448,269,63,208,70,291,274,277,281,202,168,197,192,290,290,380,501,74,329,172,255,315,89,365,,
696,1074,537,164,449,203,646,722,569,787,417,448,426,491,647,765,881,264,1013,1066,142,889,415,745,732,223,854,134,408
697,482,665,1219,95,1314,313,,,729,365,1002,196,1127,366,,,1402,545,76,309,645,393,,,,,,
698,236,513,1050,352,1079,519,645,503,575,328,833,343,839,546,612,762,997,823,58,208,432,368,624,627,1084,615,,
699,784,403,164,327,190,489,554,485,588,339,379,293,412,560,604,736,268,781,759,132,651,353,570,581,218,624,128,358
700,1305,783,185,417,208,772,870,798,955,606,556,480,515,850,884,1191,222,1185,1535,182,1113,641,842,972,184,918,90,379
701,2072,776,358,780,439,1282,1412,999,1471,622,845,654,987,1182,1656,1383,642,1816,2125,181,1820,668,1521,1188,457,1483,264,788
702,,,,,,,,,,,,,,,,,,,,,,,,,,,,
703,62,30,14,33,16,47,45,41,45,31,30,34,31,43,52,54,22,65,56,9,54,29,49,47,19,55,,
704,103,48,23,64,23,80,73,68,73,51,47,59,51,75,87,87,32,103,94,8,84,45,78,77,25,95,22,56
705,1018,475,178,558,232,795,593,735,638,506,416,520,453,765,757,932,353,1128,844,118,833,478,613,812,249,940,,
706,104,382,879,251,917,363,455,401,397,285,654,284,687,407,489,667,962,642,381,96,217,305,470,530,918,477,965,212
707,842,864,1704,401,1727,733,1252,838,1084,686,1404,532,1521,799,951,1468,1576,1414,162,308,944,767,1222,1155,1857,970,1749,327
708,291,1024,2458,679,2465,1042,,,1018,890,1768,796,1806,1098,,,,,274,60,531,953,,,,,,
709,373,996,2074,966,2024,1270,1052,1207,989,938,1567,976,1537,1360,1181,1793,2272,1692,1030,198,623,938,1160,1412,2128,1438,2166,951
710,92,454,1454,534,1218,768,736,770,606,525,964,519,957,860,739,1096,1297,1067,1232,223,416,519,708,910,1281,936,,
711,1806,910,372,502,247,1003,1224,1019,1280,740,779,621,720,1157,1367,1606,172,1735,1800,142,1573,819,1232,1317,160,1345,239,407
712,70,51,29,54,34,66,55,59,58,50,42,52,47,63,64,69,37,78,78,15,62,51,58,66,35,72,23,55
713,14,67,283,50,294,126,133,112,111,57,206,53,209,128,113,228,282,241,71,31,70,50,118,157,296,170,294,40
714,587,679,1294,586,1361,722,845,719,798,629,1082,597,1095,751,833,945,1376,985,216,124,708,646,843,809,1385,829,1335,561
715,180,101,43,176,56,228,138,168,134,136,91,163,106,206,201,211,75,342,164,39,155,109,163,192,49,273,34,175
716,191,95,49,133,50,179,133,138,142,103,93,121,103,168,175,206,64,274,170,28,158,93,155,166,46,215,41,136
717,201,94,26,150,34,207,130,154,140,111,80,136,93,187,210,216,62,321,192,20,168,96,166,186,26,256,19,149
718,199,80,62,132,56,179,147,145,151,105,111,127,118,169,201,173,51,269,153,9,162,83,174,160,43,220,55,129
719,60,104,237,91,250,137,139,144,128,101,183,100,193,150,116,214,269,221,44,13,96,88,130,172,270,163,240,86
720,27,42,153,42,168,62,81,89,72,50,114,49,126,82,66,135,199,94,10,45,38,39,74,107,186,75,,
721,2099,258,248,394,334,802,1315,684,1449,316,839,331,908,821,1590,1321,587,1321,,,1803,270,1446,955,439,1045,78,355
722,491,803,1347,617,1357,911,946,874,844,618,1131,637,1153,953,847,1178,1287,1284,423,220,665,690,950,1013,1375,1093,1403,595
723,1175,576,220,185,121,460,701,562,830,335,498,235,418,589,826,742,146,648,1113,320,1033,445,745,639,111,557,181,140
